feature,gain,split
EXT_SOURCES_MEAN,592354.6338695526,514.4
ORGANIZATION_TYPE,267931.69344062806,4989.2
EXT_SOURCES_WEIGHTED,107122.9425485611,260.4
EXT_SOURCES_MIN,98160.66162567139,338.0
CREDIT_TERM,52729.626375579835,693.2
EXT_SOURCES_MAX,45481.357367403805,210.4
OCCUPATION_TYPE,38816.53848876953,589.2
EXT_SOURCE_2_X_EMPLOYED,33576.884803962705,248.6
INS_2Y_DPD_MEAN,32587.95182209015,184.4
PREV_DAYS_LAST_DUE_1ST_VERSION_MAX,32555.652938461302,444.0
BURO_ACTIVE_BUREAU_DEBT_CREDIT_RATIO_MAX,31304.66472091675,235.4
CREDIT_MINUS_GOODS,30688.40729942322,328.0
CC_RECENT_UTILIZATION_MAX,30236.40198173523,155.8
CREDIT_GOODS_RATIO,28646.05163192749,223.6
BURO_BUREAU_DEBT_CREDIT_RATIO_MAX,28299.83230934143,185.8
ANNUITY_TO_PREV_ANNUITY,27146.139416885377,316.4
DAYS_BIRTH,25152.46504058838,468.2
EXT_SOURCE_3_X_EMPLOYED,23592.176463317872,251.6
EXT_SOURCE_3_X_AGE,23087.608360672,339.8
BURO_BUREAU_DEBT_CREDIT_RATIO_VAR,22833.352663421632,180.2
CODE_GENDER,21991.754278945922,189.0
AMT_ANNUITY,20076.885555648805,358.0
NAME_EDUCATION_TYPE,19990.115336227416,121.0
PREV_CREDIT_GOODS_RATIO_MEAN,17559.085469436646,158.4
INS_AMT_PAYMENT_SUM,16546.69360809326,199.8
EXT_SOURCES_PROD,16180.86254196167,215.0
EXT_SOURCE_3,16056.149006271362,312.4
EXT_SOURCE_1,15966.5004737854,281.2
AMT_GOODS_PRICE,15632.077421188354,265.8
INS_IS_LATE_MEAN,14428.868585586548,147.0
ANNUITY_INCOME_RATIO,14407.461197280883,258.2
BURO_BUREAU_DEBT_CREDIT_RATIO_MEAN,13988.985362052917,138.8
DAYS_EMPLOYED,13852.598739624023,184.6
PREV_DUE_DIFF_VAR,13738.038958740235,150.4
POS_INSTALMENT_PAID_RATIO_MEAN,13693.453857040406,232.2
INS_2Y_DPD_MAX,13649.099289703368,91.0
EXT_SOURCE_2,13227.235514259339,252.2
BURO_ACTIVE_BUREAU_DEBT_CREDIT_RATIO_MEAN,12995.362815856934,167.4
PREV_NAME_CONTRACT_STATUS_REFUSED_MEAN,12349.820547485351,101.8
INS_2Y_IS_LATE_MEAN,12201.52696094513,99.4
CAR_TO_BIRTH_RATIO,11992.921137428284,195.6
INS_DPD_TREND,11189.279608917237,150.4
CAR_TO_EMPLOY_RATIO,11138.471704864502,178.0
OWN_CAR_AGE,10940.209761047363,148.0
DAYS_ID_PUBLISH,10841.378052520751,256.4
PREV_DAYS_LAST_DUE_MAX,10232.4815990448,193.2
NAME_FAMILY_STATUS,10124.025825500488,177.0
EXT_SOURCE_1_X_AGE,10107.947338837384,217.8
EXT_SOURCE_2_X_AGE,9965.110474395751,219.8
AMT_CREDIT,9496.036599349976,189.2
CC_CNT_DRAWINGS_ATM_CURRENT_MEAN,9388.800751876832,96.6
DOCUMENT_KURTOSIS,9253.765782546998,84.4
EMPLOYED_BIRTH_RATIO,9064.902534484863,160.8
EXT_SOURCES_STD,8829.18439464569,218.8
EXT_SOURCE_1_X_EMPLOYED,8814.725352478028,176.6
INS_AMT_PAYMENT_MEAN,8776.22192440033,153.8
PREV_CNT_PAYMENT_VAR,8737.141892623902,139.4
REGION_POPULATION_RELATIVE,8678.63374824524,218.8
BURO_ACTIVE_DAYS_CREDIT_MAX,8146.121334838867,191.2
BURO_ACTIVE_BUREAU_CREDIT_DURATION_MIN,8129.497063064575,201.8
DAYS_REGISTRATION,8106.583407211304,203.4
PREV_APPROVED_CNT_PAYMENT_VAR,7982.767423248291,126.4
INS_DBD_SUM,7786.351699066162,172.2
PREV_APPROVED_CREDIT_GOODS_RATIO_MEAN,7739.637209701538,112.6
CREDIT_INCOME_RATIO,7659.229775428772,161.6
PREV_APPROVED_DAYS_LAST_DUE_1ST_VERSION_MAX,7578.468975448608,105.4
POS_MONTHS_BALANCE_SIZE,7568.625476455689,118.2
INS_DPD_MEAN,7549.416585922241,95.4
PREV_NAME_YIELD_GROUP_HIGH_MEAN,7474.880309295654,113.2
ID_TO_BIRTH_RATIO,7405.9310642242435,175.2
PREV_CREDIT_GOODS_RATIO_MAX,7401.088221359253,111.4
PREV_NAME_YIELD_GROUP_LOW_ACTION_MEAN,7332.447274017334,119.8
BURO_DAYS_CREDIT_MAX,7271.175384521484,168.2
PREV_APPROVED_AMT_ANNUITY_SUM,7202.877293395996,95.4
GOODS_INCOME_RATIO,7097.289986038208,167.2
PREV_APPROVED_AMT_DOWN_PAYMENT_SUM,7013.695331954956,87.0
BURO_ACTIVE_AMT_CREDIT_SUM_SUM,6961.21229019165,157.4
BURO_ACTIVE_DAYS_CREDIT_ENDDATE_MEAN,6740.109317779541,132.2
BURO_ACTIVE_DAYS_CREDIT_ENDDATE_MIN,6673.344780349731,161.0
BURO_CLOSED_AMT_CREDIT_SUM_MEAN,6661.568473815918,149.8
INS_AMT_PAYMENT_MIN,6654.2440395355225,140.0
BURO_ACTIVE_AMT_CREDIT_SUM_MIN,6646.687271118164,154.6
PREV_REFUSED_DAYS_DECISION_MAX,6522.602315521241,111.4
PREV_DUE_DIFF_MEAN,6519.645127868653,102.6
REGION_RATING_CLIENT_W_CITY,6431.448221969605,103.4
INS_LATE_TREND,6425.4650009155275,90.2
INS_DBD_VAR,6376.667101287841,167.8
BURO_ACTIVE_DAYS_CREDIT_ENDDATE_MAX,6268.309220504761,136.2
PREV_CNT_PAYMENT_MEAN,6078.105662536621,100.0
INS_DPD_VAR,6065.183083343506,96.8
BURO_ACTIVE_AMT_CREDIT_SUM_MAX,5960.11516532898,127.8
REGISTRATION_TO_BIRTH_RATIO,5951.921274185181,162.4
INS_DBD_MAX,5846.014374160766,148.0
PREV_REFUSED_APP_CREDIT_RATIO_MIN,5749.517296600342,49.6
BURO_AMT_CREDIT_MAX_OVERDUE_MEAN,5706.549626159668,110.0
INS_DBD_MEAN,5703.132459259034,147.4
INS_AMT_INSTALMENT_SUM,5656.7158290863035,100.8
BURO_CREDIT_TYPE_MICROLOAN_MEAN,5656.147354507446,80.2
BURO_CLOSED_DAYS_CREDIT_UPDATE_MAX,5623.418397903442,137.0
BURO_CLOSED_DAYS_CREDIT_MAX,5601.108494567871,129.0
BURO_ACTIVE_AMT_CREDIT_SUM_VAR,5492.372521591186,124.4
CC_CNT_DRAWINGS_CURRENT_VAR,5462.605900573731,86.2
PREV_HOUR_APPR_PROCESS_START_VAR,5443.88928565979,145.6
PREV_DAYS_TERMINATION_MAX,5411.874173164368,129.6
INS_1Y_DPD_MEAN,5354.144287490844,57.0
POS_CNT_INSTALMENT_FUTURE_MEAN,5321.495487976074,97.2
PREV_DAYS_LAST_DUE_1ST_VERSION_SUM,5316.455934143067,85.8
INS_AMT_INSTALMENT_MIN,5301.495928192138,123.0
BURO_CLOSED_AMT_CREDIT_SUM_MAX,5284.429935455322,113.0
TOTAL_ANNUITY_TO_INCOME,5277.364477157593,120.4
BURO_BUREAU_CREDIT_DURATION_MIN,5275.276058578491,128.8
CREDIT_TO_PREV_CREDIT,5167.8388671875,125.8
BURO_DAYS_CREDIT_ENDDATE_MAX,5129.682453918457,116.2
PREV_HOUR_APPR_PROCESS_START_MEAN,5107.645773506165,124.0
INS_DAYS_ENTRY_PAYMENT_MAX,5084.751685714722,124.6
BUREAU_CREDIT_TO_INCOME,5083.065998840332,120.2
INS_2Y_PAYMENT_PERC_MEAN,5057.126959133148,76.0
BURO_AMT_CREDIT_SUM_MEAN,5052.295425796508,113.4
PREV_AMT_DOWN_PAYMENT_SUM,5010.985733795166,75.0
INS_PAYMENT_PERC_SUM,4981.860148239136,84.4
BURO_AMT_CREDIT_SUM_MIN,4962.626058578491,125.6
BURO_ACTIVE_BUREAU_DEBT_CREDIT_RATIO_SUM,4943.543932723999,95.0
PREV_PRODUCT_COMBINATION_CASH_X_SELL__LOW_MEAN,4928.163098526001,105.6
PREV_DAYS_LAST_DUE_1ST_VERSION_MEAN,4911.381592178344,90.0
POS_MONTHS_BALANCE_MAX,4865.667781066894,87.6
BURO_DAYS_CREDIT_MEAN,4824.143517303467,108.6
PREV_DAYS_DECISION_MAX,4749.796364212036,123.6
BURO_CLOSED_AMT_CREDIT_SUM_SUM,4730.142008972168,106.2
INS_2Y_PAYMENT_DIFF_MEAN,4729.478526687622,76.4
CC_RECENT_AMT_DRAWINGS_ATM_CURRENT_MEAN,4723.062973785401,62.0
PHONE_TO_BIRTH_RATIO,4703.48802986145,116.8
INS_2Y_DPD_SUM,4702.938761520386,45.6
PREV_APPROVED_AMT_ANNUITY_MEAN,4698.766973114014,96.0
BURO_ACTIVE_DAYS_CREDIT_MEAN,4685.743967056274,117.6
BURO_CLOSED_DAYS_ENDDATE_FACT_MAX,4663.95202293396,104.2
POS_SK_DPD_DEF_VAR,4631.650114822388,69.8
PHONE_TO_EMPLOY_RATIO,4613.6358654022215,124.8
BURO_CREDIT_TYPE_MORTGAGE_MEAN,4611.945201873779,81.6
PREV_CODE_REJECT_REASON_XAP_MEAN,4594.155031204224,45.6
INS_PAYMENT_PERC_MEAN,4589.043989181519,73.2
PREV_APPROVED_AMT_APPLICATION_SUM,4582.696657943726,73.0
POS_NAME_CONTRACT_STATUS_ACTIVE_MEAN,4579.635422515869,115.2
INS_PAYMENT_DIFF_MEAN,4579.316487884522,82.8
PREV_DAYS_LAST_DUE_VAR,4575.355939865112,105.8
PREV_APPROVED_AMT_DOWN_PAYMENT_MAX,4508.2954971313475,81.0
BURO_DAYS_CREDIT_UPDATE_MAX,4500.257629394531,109.2
FLAG_DOCUMENT_3,4495.122409439087,53.4
TOTALAREA_MODE,4486.78335609436,101.2
INS_2Y_PAYMENT_PERC_MIN,4446.99313583374,65.2
PREV_AMT_ANNUITY_MIN,4425.7103038787845,102.6
BURO_CLOSED_AMT_CREDIT_SUM_VAR,4424.914358139038,111.0
BURO_AMT_CREDIT_SUM_MAX,4418.2522071838375,96.2
BURO_BUREAU_ENDDATE_DIFF_MEAN,4408.877552032471,101.2
INS_1Y_DPD_MAX,4398.315810012818,36.8
BURO_ACTIVE_BUREAU_DEBT_CREDIT_RATIO_VAR,4379.852385902404,114.2
DAYS_LAST_PHONE_CHANGE,4374.435457992554,104.4
INCOME_PER_PERSON,4351.677596282959,118.4
PREV_DAYS_LAST_DUE_1ST_VERSION_VAR,4277.929145431519,105.8
DEF_60_RATIO,4272.454113769531,68.6
BURO_BUREAU_DEBT_CREDIT_RATIO_SUM,4257.623952484131,73.6
BURO_ACTIVE_DAYS_CREDIT_UPDATE_VAR,4227.755881118775,107.6
BURO_CLOSED_DAYS_CREDIT_ENDDATE_MAX,4224.722598266601,101.2
DEF_30_RATIO,4168.15344619751,71.4
BURO_AMT_CREDIT_MAX_OVERDUE_MAX,4161.330455780029,82.2
PREV_DAYS_FIRST_DUE_MAX,4103.068647384644,106.6
BURO_ACTIVE_BUREAU_DEBT_CREDIT_RATIO_MIN,4091.925941467285,93.4
PREV_APPROVED_PREV_CREDIT_TERM_SUM,4090.5221614837646,79.6
PREV_APP_CREDIT_RATIO_VAR,4090.079578781128,111.6
PREV_AMT_ANNUITY_VAR,4073.060234832764,109.4
PREV_PREV_CREDIT_TERM_VAR,4054.8802734375,112.6
BURO_CLOSED_BUREAU_CREDIT_DURATION_MIN,4054.3630306243895,105.6
BURO_ACTIVE_AMT_CREDIT_SUM_DEBT_VAR,4049.6534217834474,107.0
PREV_APPROVED_HOUR_APPR_PROCESS_START_MEAN,4039.090913772583,97.8
BURO_CLOSED_AMT_CREDIT_SUM_MIN,4023.9842014312744,109.4
PREV_AMT_DOWN_PAYMENT_MEAN,4017.1476737976072,86.0
PREV_APPROVED_PREV_CREDIT_TERM_VAR,4011.21123714447,107.2
BURO_ACTIVE_AMT_CREDIT_SUM_MEAN,4004.1743213653563,98.8
BURO_AMT_CREDIT_SUM_VAR,4003.137263870239,104.6
BURO_DAYS_ENDDATE_FACT_MAX,3989.481901550293,97.0
BURO_CLOSED_DAYS_CREDIT_VAR,3965.003042602539,99.0
INS_NUM_INSTALMENT_NUMBER_MEAN,3948.31103553772,100.4
BURO_ACTIVE_DAYS_CREDIT_UPDATE_MEAN,3948.0873805999754,101.4
BURO_DAYS_CREDIT_VAR,3945.927714538574,101.2
PREV_DAYS_DECISION_MEAN,3945.001359939575,90.6
WEEKDAY_APPR_PROCESS_START,3921.7941177368166,108.4
BURO_AMT_CREDIT_SUM_DEBT_VAR,3914.132339179516,92.0
BURO_ACTIVE_AMT_CREDIT_MAX_OVERDUE_MEAN,3896.29510307312,70.0
PREV_APPROVED_DAYS_DECISION_MAX,3868.170941543579,101.4
BURO_DAYS_CREDIT_ENDDATE_MEAN,3864.5868228912354,94.4
PREV_CREDIT_GOODS_RATIO_VAR,3862.182118988037,103.6
AMT_INCOME_TOTAL,3838.4441822052004,103.0
APARTMENTS_MODE,3831.958319473267,86.6
BURO_BUREAU_CREDIT_DURATION_VAR,3814.2000003814696,97.8
INS_DAYS_ENTRY_PAYMENT_SUM,3803.7826179504395,83.2
CC_CNT_DRAWINGS_ATM_CURRENT_VAR,3791.264794921875,51.8
BURO_ACTIVE_DAYS_CREDIT_UPDATE_SUM,3791.173434448242,99.6
PREV_APPROVED_AMT_DOWN_PAYMENT_VAR,3775.1805278778074,77.4
PREV_DAYS_TERMINATION_VAR,3770.113924789429,88.2
PREV_APPROVED_DUE_DIFF_VAR,3767.89436416626,43.0
PREV_REFUSED_DAYS_DECISION_MEAN,3764.90412940979,59.8
PREV_APP_CREDIT_RATIO_MEAN,3754.9824615478515,100.0
INS_1Y_PAYMENT_PERC_MIN,3716.0305183410646,57.6
PREV_APPROVED_SELLERPLACE_AREA_VAR,3709.221643066406,94.0
BURO_ACTIVE_DAYS_CREDIT_ENDDATE_VAR,3706.0544578552244,98.8
INS_AMT_INSTALMENT_MAX,3693.8620838165284,78.6
BURO_DAYS_CREDIT_UPDATE_VAR,3682.567824459076,99.4
INS_AMT_INSTALMENT_MEAN,3669.742493057251,85.8
PREV_SELLERPLACE_AREA_MEAN,3668.682590484619,89.2
PREV_NAME_CONTRACT_STATUS_APPROVED_MEAN,3655.154220199585,44.2
PREV_DAYS_DECISION_VAR,3635.203323364258,94.6
INS_1Y_IS_LATE_MEAN,3620.902815628052,54.2
BURO_DAYS_CREDIT_ENDDATE_SUM,3619.3307350158693,85.6
PREV_APPROVED_SELLERPLACE_AREA_MEAN,3602.3133857727053,91.4
PREV_DAYS_FIRST_DUE_VAR,3601.0397216796873,87.6
INS_AMT_PAYMENT_MAX,3588.9887634277343,64.0
PREV_DAYS_FIRST_DRAWING_MIN,3555.702682495117,66.0
BURO_AMT_CREDIT_MAX_OVERDUE_VAR,3545.2314952850343,81.2
BURO_AMT_CREDIT_MAX_OVERDUE_SUM,3534.2919178009033,64.4
APARTMENTS_AVG,3531.1777744293213,80.8
PREV_APPROVED_SELLERPLACE_AREA_SUM,3526.341485595703,82.0
INS_2Y_PAYMENT_DIFF_SUM,3517.971785736084,68.0
BURO_DAYS_CREDIT_UPDATE_MEAN,3499.923179626465,91.8
POS_MONTHS_BALANCE_MEAN,3491.1578201293946,84.8
INS_PAYMENT_DIFF_SUM,3479.7484489440917,72.0
BURO_AMT_CREDIT_SUM_SUM,3476.8239028930666,77.2
BURO_CLOSED_DAYS_CREDIT_ENDDATE_VAR,3475.4787841796874,84.8
PREV_APPROVED_HOUR_APPR_PROCESS_START_VAR,3453.915225982666,92.6
BURO_CLOSED_BUREAU_CREDIT_DURATION_MEAN,3431.0044716835023,87.6
PREV_AMT_DOWN_PAYMENT_MAX,3421.0569202423094,66.6
BURO_ACTIVE_AMT_CREDIT_MAX_OVERDUE_MAX,3419.394936752319,62.0
PREV_APPROVED_APP_CREDIT_RATIO_SUM,3392.1551403045655,65.2
PREV_APPROVED_CREDIT_GOODS_RATIO_VAR,3378.0072650909424,88.8
CC_UTILIZATION_MAX,3371.3074390411375,56.6
PREV_APPROVED_CREDIT_GOODS_RATIO_MAX,3368.5698322296143,74.0
BURO_ACTIVE_DAYS_CREDIT_UPDATE_MAX,3367.908536148071,89.4
BURO_BUREAU_ENDDATE_DIFF_MAX,3364.9164543151855,83.4
PREV_PREV_CREDIT_TERM_MEAN,3354.0776969909666,82.4
BURO_CLOSED_DAYS_CREDIT_UPDATE_MEAN,3348.1561962127685,87.6
INS_NUM_INSTALMENT_NUMBER_MAX,3342.690353012085,81.6
BURO_ACTIVE_AMT_CREDIT_MAX_OVERDUE_SUM,3326.881669998169,61.4
BURO_ACTIVE_DAYS_CREDIT_ENDDATE_SUM,3299.674071884155,77.0
PREV_APPROVED_DAYS_LAST_DUE_1ST_VERSION_SUM,3298.7584171295166,43.8
BURO_ACTIVE_BUREAU_CREDIT_DURATION_MEAN,3294.7525035858152,83.2
BURO_CLOSED_DAYS_CREDIT_ENDDATE_MEAN,3291.2683166503907,86.6
BURO_BUREAU_ENDDATE_DIFF_VAR,3283.1764934539797,80.8
BURO_CLOSED_BUREAU_CREDIT_DURATION_VAR,3279.550541305542,82.8
PREV_APPROVED_APP_CREDIT_RATIO_VAR,3242.6736801147463,87.0
CC_CNT_DRAWINGS_CURRENT_MEAN,3238.031702041626,49.2
BURO_ACTIVE_DAYS_CREDIT_UPDATE_MIN,3234.7502601623537,83.4
PREV_APPROVED_AMT_CREDIT_MIN,3205.1196216583253,82.8
PREV_AMT_ANNUITY_MEAN,3184.5023803710938,79.4
PREV_APPROVED_CNT_PAYMENT_MEAN,3183.213861465454,70.4
PREV_APPROVED_AMT_ANNUITY_MAX,3156.5397457122804,68.6
YEARS_BEGINEXPLUATATION_MODE,3154.324840927124,76.6
INCOME_PER_CHILD,3154.071243286133,86.8
BURO_DAYS_CREDIT_ENDDATE_VAR,3152.516501235962,86.4
BURO_ACTIVE_DAYS_CREDIT_VAR,3151.9200443267823,82.8
BURO_ACTIVE_DAYS_CREDIT_MIN,3143.9313539505006,86.4
PREV_APPROVED_DAYS_DECISION_VAR,3143.6189712524415,77.4
BURO_AMT_CREDIT_SUM_DEBT_MEAN,3129.7356922149656,78.0
INS_DAYS_INSTALMENT_MIN,3127.259941101074,68.4
PREV_REFUSED_DAYS_DECISION_VAR,3109.8538581848143,53.6
BURO_CLOSED_DAYS_CREDIT_MEAN,3077.428201293945,78.0
POS_NAME_CONTRACT_STATUS_COMPLETED_MEAN,3076.3382583618163,81.6
PREV_APPROVED_PREV_CREDIT_TERM_MEAN,3075.2813373565673,79.8
PREV_APPROVED_SELLERPLACE_AREA_MAX,3066.212412261963,72.2
BURO_ACTIVE_AMT_CREDIT_SUM_DEBT_MEAN,3049.945411682129,75.6
PREV_AMT_GOODS_PRICE_MIN,3038.4575125694273,70.8
PREV_APPROVED_AMT_GOODS_PRICE_MIN,3036.0057598114013,73.0
PREV_SELLERPLACE_AREA_VAR,3031.3075576782226,77.4
FLAG_WORK_PHONE,3031.2937858581545,68.2
INS_2Y_COUNT,3026.5501663208006,73.2
BURO_BUREAU_CREDIT_DURATION_MEAN,3014.9657587051393,80.2
PREV_APPROVED_AMT_ANNUITY_VAR,3013.390704917908,80.8
PREV_AMT_DOWN_PAYMENT_VAR,3007.038814163208,74.6
POS_CNT_INSTALMENT_MEAN,3001.8823013305664,78.4
PREV_PRODUCT_COMBINATION_POS_INDUSTRY_WITH_INTEREST_MEAN,2995.1525135040283,64.6
INS_DAYS_INSTALMENT_MAX,2990.6684188842773,75.2
BURO_CLOSED_BUREAU_ENDDATE_DIFF_MAX,2989.583506774902,75.6
APARTMENTS_MEDI,2985.605373764038,62.4
BURO_ACTIVE_BUREAU_CREDIT_DURATION_MAX,2977.866257095337,75.6
PREV_APPROVED_APP_CREDIT_RATIO_MEAN,2976.565939331055,76.6
PREV_APPROVED_AMT_CREDIT_SUM,2968.3023403167726,57.8
BURO_CLOSED_DAYS_CREDIT_ENDDATE_SUM,2957.1385612487793,73.0
PREV_APPROVED_AMT_DOWN_PAYMENT_MEAN,2948.5127613067625,67.2
BURO_BUREAU_CREDIT_DURATION_MAX,2942.7000596418975,75.6
PREV_DUE_DIFF_MIN,2918.1128589630125,59.4
CC_RECENT_AMT_DRAWINGS_ATM_CURRENT_MAX,2888.126107788086,40.2
LIVINGAREA_MODE,2884.248384475708,68.6
PREV_APPROVED_PREV_CREDIT_TERM_MIN,2868.7280605316164,70.4
BURO_ACTIVE_BUREAU_CREDIT_DURATION_VAR,2867.0801063537597,77.6
PREV_APPROVED_DAYS_LAST_DUE_MAX,2856.8541046142577,53.8
BURO_BUREAU_ENDDATE_DIFF_SUM,2842.583605194092,67.2
BURO_CLOSED_BUREAU_CREDIT_DURATION_SUM,2831.8548316955566,70.0
POS_SK_DPD_DEF_MEAN,2825.543214035034,41.4
PREV_NAME_TYPE_SUITE_UNACCOMPANIED_MEAN,2820.894023132324,76.8
PREV_APPROVED_RATE_DOWN_PAYMENT_VAR,2815.7714546203615,73.6
BURO_CLOSED_BUREAU_ENDDATE_DIFF_MEAN,2814.5964637756347,65.2
BURO_ACTIVE_AMT_CREDIT_SUM_DEBT_MIN,2813.761600112915,74.6
PREV_APPROVED_AMT_CREDIT_VAR,2805.8386390686037,72.8
BURO_DAYS_ENDDATE_FACT_VAR,2800.168938446045,71.2
LANDAREA_AVG,2794.3410053253174,74.6
PREV_NAME_TYPE_SUITE_NAN_MEAN,2773.8707653045653,72.4
BUREAU_DEBT_TO_INCOME,2756.0292629241944,65.8
PREV_DAYS_TERMINATION_MEAN,2755.9184158325197,72.0
PREV_AMT_CREDIT_VAR,2753.42431640625,70.4
PREV_APPROVED_AMT_ANNUITY_MIN,2750.1299156188966,72.2
YEARS_BEGINEXPLUATATION_AVG,2748.7423038482666,69.0
REG_CITY_NOT_LIVE_CITY,2747.680861282349,55.0
BURO_ACTIVE_DAYS_CREDIT_SUM,2742.0750259399415,71.6
BURO_ACTIVE_AMT_CREDIT_SUM_DEBT_MAX,2739.678398513794,68.0
PREV_SELLERPLACE_AREA_SUM,2738.8867252349855,72.4
BURO_CREDIT_TYPE_CONSUMER_CREDIT_MEAN,2738.6985042572023,73.0
PREV_APPROVED_SELLERPLACE_AREA_MIN,2714.1965606689455,73.4
PREV_REFUSED_APP_CREDIT_RATIO_MEAN,2708.1560855865478,39.6
INS_DAYS_ENTRY_PAYMENT_MEAN,2700.400135040283,63.4
BURO_CLOSED_BUREAU_ENDDATE_DIFF_VAR,2698.594861602783,68.2
BURO_DAYS_CREDIT_SUM,2690.5545757293703,63.0
DOCUMENT_COUNT,2687.8108554840087,48.8
BURO_DAYS_CREDIT_MIN,2669.122403335571,69.4
BURO_CLOSED_AMT_CREDIT_MAX_OVERDUE_MEAN,2666.651725769043,60.0
PREV_DAYS_DECISION_SUM,2663.2443248748777,69.4
LIVINGAREA_AVG,2651.9665393829346,59.2
BURO_CLOSED_DAYS_CREDIT_UPDATE_VAR,2643.621015930176,69.0
INS_DAYS_ENTRY_PAYMENT_MIN,2638.1717422485353,58.6
PREV_RATE_DOWN_PAYMENT_VAR,2631.669318771362,72.4
PREV_DAYS_LAST_DUE_MEAN,2624.2974143981933,68.4
PREV_APPROVED_HOUR_APPR_PROCESS_START_SUM,2621.5454399108885,51.8
PREV_AMT_CREDIT_MEAN,2606.040621185303,71.6
PREV_PREV_CREDIT_TERM_MIN,2600.464642715454,67.2
BASEMENTAREA_MODE,2597.8916400909425,69.8
INS_DAYS_INSTALMENT_MEAN,2590.6460559844973,59.8
PREV_SELLERPLACE_AREA_MAX,2588.391497421265,60.2
PREV_PREV_CREDIT_TERM_SUM,2580.4831363677977,67.8
PREV_APPROVED_AMT_CREDIT_MAX,2568.2752002716065,51.8
PREV_APPROVED_CNT_PAYMENT_SUM,2567.0612506866455,60.2
LANDAREA_MODE,2566.5462398529053,69.4
BURO_ACTIVE_COUNT,2557.2453243255613,53.2
BURO_CLOSED_DAYS_CREDIT_MIN,2549.5832006692885,64.2
PREV_REFUSED_AMT_ANNUITY_MIN,2549.3294178009032,59.4
PREV_APPROVED_AMT_GOODS_PRICE_MEAN,2528.5250205993652,56.2
PREV_APPROVED_PREV_CREDIT_TERM_MAX,2526.2380615234374,67.6
BURO_ACTIVE_BUREAU_CREDIT_DURATION_SUM,2521.9941970825193,65.8
PREV_NAME_YIELD_GROUP_LOW_NORMAL_MEAN,2520.286367034912,56.2
CC_PAYS_MINIMUM_ONLY_VAR,2514.9326305389404,46.6
PREV_REFUSED_PREV_CREDIT_TERM_MIN,2513.699608230591,57.4
BURO_CLOSED_DAYS_CREDIT_SUM,2502.735418319702,62.4
LIVINGAREA_MEDI,2493.206798171997,55.8
PREV_AMT_GOODS_PRICE_VAR,2485.83251991272,68.6
PREV_APPROVED_AMT_APPLICATION_MIN,2483.1833015441894,65.2
CC_AMT_DRAWINGS_ATM_CURRENT_MEAN,2459.0812126159667,36.2
BURO_BUREAU_ENDDATE_DIFF_MIN,2456.738279724121,56.0
BURO_CLOSED_BUREAU_ENDDATE_DIFF_SUM,2456.18310546875,61.6
INS_IS_UNDERPAID_MEAN,2447.5555725097656,40.4
BURO_CLOSED_DAYS_CREDIT_UPDATE_MIN,2427.0404411315917,63.8
BURO_ACTIVE_AMT_CREDIT_MAX_OVERDUE_VAR,2422.027239608765,50.8
PREV_REFUSED_AMT_APPLICATION_VAR,2413.8079597473143,41.2
PREV_AMT_APPLICATION_MEAN,2413.487077331543,62.0
PREV_DAYS_FIRST_DUE_MEAN,2411.2419757843018,58.0
INS_PAYMENT_PERC_MIN,2410.9150802612303,64.0
CC_AMT_CREDIT_LIMIT_ACTUAL_MEAN,2401.573776245117,58.2
BURO_DAYS_CREDIT_ENDDATE_MIN,2383.681803894043,61.8
BURO_CLOSED_DAYS_ENDDATE_FACT_VAR,2377.8128383636476,57.0
PREV_PREV_CREDIT_TERM_MAX,2377.192561340332,62.2
BURO_AMT_CREDIT_SUM_DEBT_MAX,2357.943518447876,55.8
INS_1Y_COUNT,2356.4046672821046,56.8
PREV_APPROVED_AMT_APPLICATION_MAX,2342.473663330078,48.8
PREV_WEEKDAY_APPR_PROCESS_START_FRIDAY_MEAN,2338.704780960083,63.8
CC_RECENT_UTILIZATION_MEAN,2336.914202880859,26.4
PREV_REFUSED_DAYS_DECISION_MIN,2329.33858833313,47.2
PREV_DAYS_FIRST_DRAWING_MAX,2328.0834465026855,35.0
PREV_AMT_CREDIT_MIN,2285.2123847961425,59.0
BURO_DAYS_CREDIT_UPDATE_MIN,2275.009502029419,57.8
PREV_AMT_ANNUITY_MAX,2267.811127471924,60.2
BURO_CLOSED_AMT_CREDIT_MAX_OVERDUE_MAX,2267.4033226013185,50.2
PREV_CREDIT_GOODS_RATIO_MIN,2248.7709785461425,52.0
BURO_CLOSED_BUREAU_CREDIT_DURATION_MAX,2214.7277603149414,59.2
BURO_BUREAU_CREDIT_DURATION_SUM,2206.3628005981445,59.6
PREV_REFUSED_PREV_CREDIT_TERM_MEAN,2201.841502380371,46.8
INS_PAYMENT_PERC_VAR,2198.7500968933105,58.2
YEARS_BEGINEXPLUATATION_MEDI,2190.7913829803465,55.2
PREV_PRODUCT_COMBINATION_CASH_X_SELL__HIGH_MEAN,2181.0223194122314,53.0
BURO_CLOSED_DAYS_CREDIT_UPDATE_SUM,2173.8701400756836,57.0
NONLIVINGAREA_AVG,2170.8151622772216,55.2
PREV_APPROVED_HOUR_APPR_PROCESS_START_MAX,2154.839833450317,48.0
PREV_RATE_DOWN_PAYMENT_MEAN,2153.269998931885,54.8
PREV_WEEKDAY_APPR_PROCESS_START_MONDAY_MEAN,2148.1184005737305,57.4
DEF_30_CNT_SOCIAL_CIRCLE,2143.7140617370605,42.6
BURO_AMT_CREDIT_SUM_LIMIT_VAR,2143.270820236206,40.0
PREV_AMT_ANNUITY_SUM,2140.2222801208495,54.6
BURO_DAYS_ENDDATE_FACT_MEAN,2137.495361709595,54.6
HOUR_APPR_PROCESS_START,2131.3615447998045,61.4
PREV_APPROVED_CREDIT_GOODS_RATIO_MIN,2126.9549406051638,42.4
PREV_APPROVED_AMT_APPLICATION_MEAN,2125.37815322876,48.8
PREV_APPROVED_AMT_APPLICATION_VAR,2125.1699409484863,54.4
POS_MONTHS_BALANCE_MIN,2124.8416599273683,47.4
PREV_AMT_GOODS_PRICE_MEAN,2119.1840015411376,49.6
PREV_NAME_PRODUCT_TYPE_WALK_IN_MEAN,2118.728263092041,35.6
PREV_SELLERPLACE_AREA_MIN,2105.7203205108644,55.0
PREV_WEEKDAY_APPR_PROCESS_START_WEDNESDAY_MEAN,2100.172338485718,58.0
INS_1Y_PAYMENT_PERC_MEAN,2098.867780685425,40.8
PREV_APPROVED_AMT_CREDIT_MEAN,2097.784242630005,50.2
PREV_AMT_APPLICATION_VAR,2097.712159729004,56.6
PREV_APPROVED_DAYS_DECISION_SUM,2092.8053447723387,47.0
PREV_DAYS_LAST_DUE_1ST_VERSION_MIN,2089.3504650115965,51.8
PREV_NAME_SELLER_INDUSTRY_CONNECTIVITY_MEAN,2070.4346611022947,48.0
PREV_APPROVED_AMT_GOODS_PRICE_VAR,2069.5391597747803,55.8
BURO_ACTIVE_BB_STATUS_X_MEAN_VAR,2057.496441268921,52.0
BURO_BB_STATUS_0_MEAN_MEAN,2048.810557556152,54.8
PREV_AMT_APPLICATION_MIN,2045.4894828796387,53.8
PREV_APPROVED_APP_CREDIT_RATIO_MIN,2042.7691200256347,52.8
PREV_HOUR_APPR_PROCESS_START_MIN,2036.453737640381,49.0
BASEMENTAREA_AVG,2034.7852779388427,52.2
PREV_RATE_DOWN_PAYMENT_MIN,2034.5475830078126,53.0
BURO_DAYS_CREDIT_UPDATE_SUM,2030.5851608276366,50.4
PREV_APPROVED_APP_CREDIT_RATIO_MAX,2029.7994369506837,44.2
INS_1Y_PAYMENT_DIFF_MEAN,2025.447844696045,43.6
PREV_REFUSED_CREDIT_GOODS_RATIO_MAX,2017.1598499298095,32.2
BURO_CREDIT_ACTIVE_CLOSED_MEAN,2013.628818321228,42.4
PREV_DOWN_PAYMENT_RATIO_VAR,2010.8661178588868,52.4
BURO_ACTIVE_AMT_CREDIT_SUM_DEBT_SUM,2010.4089187622071,53.2
PREV_REFUSED_AMT_CREDIT_MIN,2004.6345558166504,44.0
BURO_BB_STATUS_C_MEAN_MAX,2003.960459136963,48.4
INS_PAYMENT_DIFF_VAR,1993.8378192901612,51.2
PREV_HOUR_APPR_PROCESS_START_MAX,1990.603157043457,48.2
PREV_NAME_GOODS_CATEGORY_FURNITURE_MEAN,1979.4427989959718,48.0
CC_UTILIZATION_MEAN,1973.5062175750732,29.8
PREV_DAYS_LAST_DUE_MIN,1972.5149839401245,54.2
PREV_APP_CREDIT_RATIO_SUM,1967.506085586548,49.4
POS_RECENT_SK_DPD_DEF_MAX,1955.628649520874,28.6
PREV_DUE_DIFF_SUM,1951.0418029785155,41.4
PREV_CHANNEL_TYPE_CREDIT_AND_CASH_OFFICES_MEAN,1943.7519786834716,52.4
AMT_REQ_CREDIT_BUREAU_QRT,1939.611187362671,43.4
PREV_NAME_YIELD_GROUP_MIDDLE_MEAN,1938.413397216797,54.2
PREV_PRODUCT_COMBINATION_CASH_STREET__LOW_MEAN,1936.4909572601318,53.6
PREV_DAYS_TERMINATION_MIN,1935.6249235153198,51.4
CC_CNT_DRAWINGS_CURRENT_MAX,1933.4260261535644,39.8
BURO_CLOSED_DAYS_CREDIT_ENDDATE_MIN,1928.3665573120118,50.6
INS_1Y_PAYMENT_DIFF_SUM,1923.1484643936158,42.2
PREV_REFUSED_AMT_ANNUITY_VAR,1920.6236751556396,45.8
PREV_WEEKDAY_APPR_PROCESS_START_THURSDAY_MEAN,1912.1609813690186,52.6
BURO_ACTIVE_BB_STATUS_0_SUM_VAR,1910.2386260986327,48.8
PREV_HOUR_APPR_PROCESS_START_SUM,1903.9043212890624,49.8
PREV_WEEKDAY_APPR_PROCESS_START_SATURDAY_MEAN,1893.0454639434815,54.0
INS_COUNT,1888.6159603118897,42.2
PREV_APPROVED_DAYS_DECISION_MEAN,1880.807741546631,46.8
PREV_REFUSED_AMT_GOODS_PRICE_VAR,1878.1027793884277,34.6
PREV_APPROVED_HOUR_APPR_PROCESS_START_MIN,1874.6700256347656,45.6
DEF_60_CNT_SOCIAL_CIRCLE,1873.0058586120606,34.6
PREV_DOWN_PAYMENT_RATIO_MEAN,1860.7075019836425,46.2
PREV_APPROVED_AMT_GOODS_PRICE_MAX,1859.7298042297364,31.4
INS_1Y_DPD_SUM,1858.6960884094237,22.8
NAME_INCOME_TYPE,1857.7864612579347,37.8
BURO_CREDIT_ACTIVE_ACTIVE_MEAN,1853.1866855621338,40.4
PREV_CNT_PAYMENT_SUM,1844.0691207885743,40.4
BURO_CLOSED_BB_STATUS_C_MEAN_MAX,1830.556043624878,44.6
PREV_AMT_DOWN_PAYMENT_MIN,1824.51251373291,47.6
PREV_APPROVED_CREDIT_GOODS_RATIO_SUM,1815.3679992675782,47.0
BURO_ACTIVE_AMT_CREDIT_SUM_LIMIT_MEAN,1813.5059391021728,46.6
PREV_APPROVED_DOWN_PAYMENT_RATIO_VAR,1813.368278503418,46.0
PREV_CREDIT_GOODS_RATIO_SUM,1807.965701675415,47.8
BURO_AMT_CREDIT_SUM_LIMIT_MEAN,1804.9232177734375,46.6
ENTRANCES_AVG,1804.5895988464356,43.6
LANDAREA_MEDI,1799.7065601348877,48.6
PREV_CNT_PAYMENT_MAX,1790.9398738861084,23.6
CC_PAYS_MINIMUM_ONLY_MEAN,1790.8239025115968,36.4
INS_DPD_MAX,1789.8929733276368,40.0
PREV_CODE_REJECT_REASON_HC_MEAN,1787.9479812622071,36.4
PREV_REFUSED_HOUR_APPR_PROCESS_START_MEAN,1786.7600826263429,42.2
PREV_APP_CREDIT_RATIO_MAX,1785.1757270812989,40.2
PREV_REFUSED_AMT_CREDIT_VAR,1778.3980800628663,35.2
COMMONAREA_AVG,1772.5742679595946,47.8
POS_RECENT_IS_DPD_MEAN,1772.3102870941161,26.6
PREV_APPROVED_RATE_DOWN_PAYMENT_MAX,1763.6024410247803,43.2
POS_NAME_CONTRACT_STATUS_SIGNED_MEAN,1762.602339553833,49.4
COMMONAREA_MEDI,1759.7033626556397,46.8
PREV_NAME_GOODS_CATEGORY_MOBILE_MEAN,1759.0864608764648,43.8
BURO_CLOSED_AMT_CREDIT_MAX_OVERDUE_VAR,1755.529556274414,42.4
PREV_APPROVED_DUE_DIFF_MEAN,1751.521496963501,26.0
PREV_CHANNEL_TYPE_AP___CASH_LOAN__MEAN,1749.2073825836183,39.2
COMMONAREA_MODE,1743.9346393585206,46.6
PREV_REFUSED_PREV_CREDIT_TERM_MAX,1740.3283782958983,45.4
INS_PAYMENT_DIFF_MAX,1736.3107383728027,43.4
CC_AMT_PAYMENT_CURRENT_MEAN,1735.9330585479736,44.4
LIVINGAPARTMENTS_MODE,1735.5495388031006,42.6
PREV_AMT_CREDIT_SUM,1716.6440410614014,42.0
INS_2Y_IS_UNDERPAID_MEAN,1711.6682762145997,30.0
PREV_DUE_DIFF_MAX,1700.0803966522217,43.8
PREV_NAME_PRODUCT_TYPE_X_SELL_MEAN,1698.9435577392578,43.2
PREV_CHANNEL_TYPE_COUNTRY_WIDE_MEAN,1698.0465019226074,46.8
PREV_AMT_CREDIT_MAX,1694.1397373199463,43.6
CC_AMT_CREDIT_LIMIT_ACTUAL_SUM,1688.8065963745116,42.0
BURO_CREDIT_TYPE_CREDIT_CARD_MEAN,1679.0382560729981,44.6
PREV_NAME_TYPE_SUITE_FAMILY_MEAN,1677.0018962860108,47.2
BURO_DAYS_ENDDATE_FACT_MIN,1676.8572566986084,44.0
BURO_CLOSED_DAYS_ENDDATE_FACT_SUM,1676.0179206848145,42.0
PREV_REFUSED_CNT_PAYMENT_MAX,1675.3441284179687,22.4
PREV_DAYS_DECISION_MIN,1670.1860000610352,39.8
YEARS_BUILD_AVG,1670.13866481781,42.8
POS_RECENT_SK_DPD_DEF_MEAN,1666.4156002044679,24.4
BURO_ACTIVE_BUREAU_ANNUITY_CREDIT_RATIO_MIN,1663.2471569061279,44.0
NONLIVINGAREA_MODE,1656.3614799499512,44.4
PREV_WEEKDAY_APPR_PROCESS_START_TUESDAY_MEAN,1656.219178390503,46.4
PREV_REFUSED_PREV_CREDIT_TERM_SUM,1652.77135887146,43.2
OBS_30_CNT_SOCIAL_CIRCLE,1652.3165031433105,44.4
BURO_CLOSED_BUREAU_ENDDATE_DIFF_MIN,1641.1180625915526,40.2
PREV_REFUSED_AMT_ANNUITY_MEAN,1639.5093494415282,41.6
PREV_CHANNEL_TYPE_CONTACT_CENTER_MEAN,1629.805157852173,44.2
PREV_REFUSED_CNT_PAYMENT_SUM,1618.866915512085,29.0
PREV_NAME_SELLER_INDUSTRY_CONSUMER_ELECTRONICS_MEAN,1618.0227153778076,41.2
PREV_RATE_DOWN_PAYMENT_MAX,1611.7125335693358,39.8
BURO_CLOSED_DAYS_ENDDATE_FACT_MEAN,1608.8527004241944,41.2
BASEMENTAREA_MEDI,1606.704153251648,41.2
INS_DPD_SUM,1599.565124130249,39.4
PREV_AMT_APPLICATION_SUM,1594.7434844970703,38.6
NONLIVINGAREA_MEDI,1591.3780609130858,41.8
PREV_NAME_YIELD_GROUP_XNA_MEAN,1589.9271814346314,36.2
PREV_REFUSED_SELLERPLACE_AREA_MIN,1585.2964038848877,32.2
LIVINGAPARTMENTS_AVG,1584.0811828613282,39.2
PREV_APPROVED_RATE_DOWN_PAYMENT_MIN,1582.1748371124268,43.8
PREV_NAME_CLIENT_TYPE_NEW_MEAN,1580.433298110962,36.2
PREV_APPROVED_DOWN_PAYMENT_RATIO_SUM,1578.8292327880858,30.0
BURO_BUREAU_ANNUITY_CREDIT_RATIO_VAR,1572.3828620910645,38.6
PREV_CHANNEL_TYPE_STONE_MEAN,1562.0161602020264,43.4
WALLSMATERIAL_MODE,1560.2300342559815,36.2
BURO_BB_STATUS_0_MEAN_VAR,1559.326581954956,42.6
POS_RECENT_SK_DPD_MEAN,1557.166160583496,26.0
PREV_NAME_PRODUCT_TYPE_XNA_MEAN,1546.882836151123,37.6
YEARS_BUILD_MODE,1546.6091815948487,41.4
PREV_APPROVED_RATE_DOWN_PAYMENT_SUM,1535.9395183563233,31.8
PREV_NAME_GOODS_CATEGORY_AUDIO_VIDEO_MEAN,1530.7924812316894,40.4
PREV_PRODUCT_COMBINATION_POS_HOUSEHOLD_WITH_INTEREST_MEAN,1529.5020206451416,40.4
PREV_CHANNEL_TYPE_CHANNEL_OF_CORPORATE_SALES_MEAN,1526.3918804168702,38.4
PREV_REFUSED_DAYS_DECISION_SUM,1522.1972576141357,39.6
PREV_NAME_CLIENT_TYPE_REFRESHED_MEAN,1509.7105415344238,39.8
INS_NUM_INSTALMENT_VERSION_MAX,1504.8244979858398,33.6
PREV_APPROVED_AMT_DOWN_PAYMENT_MIN,1492.1896007537841,40.0
PREV_DAYS_FIRST_DUE_SUM,1491.5218753814697,33.2
CC_AMT_CREDIT_LIMIT_ACTUAL_VAR,1485.130506134033,39.8
POS_IS_DPD_DEF_MEAN,1481.4997751235962,29.0
PREV_REFUSED_APP_CREDIT_RATIO_VAR,1480.749680709839,29.8
PREV_REFUSED_CNT_PAYMENT_MEAN,1478.7548015594482,31.2
PREV_REFUSED_CREDIT_GOODS_RATIO_MEAN,1468.0493614196778,35.2
BURO_BB_STATUS_0_MEAN_MIN,1467.0226764678955,41.6
BURO_AMT_CREDIT_SUM_DEBT_SUM,1464.4747806549071,34.6
CC_DRAWINGS_TO_LIMIT_MEAN,1457.9082626342774,28.4
PREV_PRODUCT_COMBINATION_CASH_X_SELL__MIDDLE_MEAN,1451.819140625,37.2
PREV_DAYS_FIRST_DUE_MIN,1450.453935623169,36.0
INS_1Y_PAYMENT_DIFF_MAX,1439.9421199798585,32.0
CC_PAYMENT_TO_MIN_SUM,1430.7964168548583,34.2
INS_2Y_PAYMENT_DIFF_MAX,1430.742579650879,36.2
BURO_DAYS_ENDDATE_FACT_SUM,1426.759001159668,33.2
PREV_RATE_DOWN_PAYMENT_SUM,1423.5384021759032,31.0
BURO_BB_STATUS_0_SUM_VAR,1421.085940170288,38.6
BURO_ACTIVE_AMT_CREDIT_MAX_OVERDUE_MIN,1417.9693675994872,31.2
PREV_REFUSED_APP_CREDIT_RATIO_MAX,1396.561025238037,23.2
PREV_APPROVED_DAYS_DECISION_MIN,1386.85922164917,34.8
PREV_APP_CREDIT_RATIO_MIN,1384.2683795928956,36.4
BURO_BB_STATUS_X_MEAN_VAR,1377.4098808288575,38.0
BURO_BB_MONTHS_BALANCE_SIZE_VAR,1364.1491374969482,35.2
BURO_CLOSED_BB_MONTHS_BALANCE_MIN_MAX,1356.5566184997558,34.4
PREV_APPROVED_DAYS_TERMINATION_MAX,1354.718300628662,33.6
BURO_CLOSED_BB_MONTHS_BALANCE_SIZE_VAR,1354.3884231567383,35.2
BURO_CLOSED_BB_MONTHS_BALANCE_SIZE_MIN,1344.2014854431152,32.4
PREV_APPROVED_DOWN_PAYMENT_RATIO_MEAN,1342.3499401092529,34.4
PREV_REFUSED_CNT_PAYMENT_VAR,1338.266017150879,27.6
PREV_APPROVED_RATE_DOWN_PAYMENT_MEAN,1337.3278232574462,35.8
BURO_BB_STATUS_C_MEAN_VAR,1332.417381286621,35.4
PREV_DAYS_TERMINATION_SUM,1328.0063987731933,34.8
FLOORSMAX_AVG,1309.3897060394288,27.8
LIVINGAPARTMENTS_MEDI,1307.4588409423827,34.0
PREV_REFUSED_APP_CREDIT_RATIO_SUM,1306.444820022583,31.0
BURO_CLOSED_DAYS_ENDDATE_FACT_MIN,1305.2564189910888,33.2
POS_CNT_INSTALMENT_MIN,1302.8151371002198,35.2
PREV_WEEKDAY_APPR_PROCESS_START_SUNDAY_MEAN,1297.3435836791991,37.0
PREV_REFUSED_AMT_ANNUITY_MAX,1294.7916812896729,32.6
PREV_REFUSED_CREDIT_GOODS_RATIO_MIN,1294.4643096923828,31.8
PREV_NAME_PAYMENT_TYPE_XNA_MEAN,1293.5458827972411,34.2
PREV_REFUSED_SELLERPLACE_AREA_VAR,1293.091003036499,25.2
REGION_RATING_CLIENT,1290.6744792938232,25.0
BURO_ACTIVE_BB_STATUS_0_SUM_MEAN,1285.3700794219972,33.4
OBS_60_CNT_SOCIAL_CIRCLE,1276.3700759887695,33.0
PREV_APPROVED_DAYS_TERMINATION_VAR,1273.3717552185058,30.0
BURO_BUREAU_ANNUITY_CREDIT_RATIO_MAX,1271.3292613983153,32.2
PREV_DOWN_PAYMENT_RATIO_SUM,1269.0722831726075,25.8
BURO_BB_MONTHS_BALANCE_MIN_VAR,1267.0898815155028,34.6
PREV_APPROVED_DAYS_LAST_DUE_1ST_VERSION_MEAN,1265.0903160095215,22.6
CC_AMT_DRAWINGS_ATM_CURRENT_VAR,1260.5084968566894,26.6
CC_CNT_DRAWINGS_ATM_CURRENT_SUM,1256.8761241912841,27.4
PREV_REFUSED_HOUR_APPR_PROCESS_START_MIN,1254.877640914917,28.2
BURO_BB_MONTHS_BALANCE_SIZE_MEAN,1248.6898231506348,31.0
PREV_REFUSED_CREDIT_GOODS_RATIO_SUM,1240.3889541625977,28.4
CC_UTILIZATION_VAR,1231.998222732544,28.6
PREV_REFUSED_HOUR_APPR_PROCESS_START_SUM,1228.8348609924317,29.8
PREV_PRODUCT_COMBINATION_POS_MOBILE_WITH_INTEREST_MEAN,1224.45951461792,29.2
BURO_ACTIVE_BB_MONTHS_BALANCE_SIZE_MEAN,1219.8504711151122,32.0
PREV_REFUSED_PREV_CREDIT_TERM_VAR,1213.9639003753662,30.8
CC_PAYMENT_TO_MIN_MEAN,1209.9017555236817,32.6
BURO_ACTIVE_BB_STATUS_0_MEAN_VAR,1209.3763179779053,32.6
BURO_BB_STATUS_X_SUM_MEAN,1207.1522804260253,33.2
PREV_NFLAG_INSURED_ON_APPROVAL_VAR,1205.2648582458496,34.4
PREV_NAME_GOODS_CATEGORY_CONSUMER_ELECTRONICS_MEAN,1203.662163925171,32.6
BURO_BB_MONTHS_BALANCE_MIN_MEAN,1203.2675186157226,29.8
PREV_REFUSED_HOUR_APPR_PROCESS_START_VAR,1202.179375076294,29.4
CC_RECENT_AMT_BALANCE_MAX,1201.4059005737304,25.0
BURO_ACTIVE_BB_MONTHS_BALANCE_MAX_MEAN,1200.0285976409912,29.2
BURO_CLOSED_AMT_CREDIT_MAX_OVERDUE_MIN,1197.8754383087157,28.8
BURO_ACTIVE_BB_STATUS_C_MEAN_VAR,1195.3068183898927,31.4
PREV_DAYS_FIRST_DRAWING_MEAN,1193.7894020080566,19.2
PREV_REFUSED_AMT_CREDIT_SUM,1192.7921047210693,25.0
PREV_CODE_REJECT_REASON_SCO_MEAN,1187.9917587280274,35.8
NONLIVINGAPARTMENTS_MODE,1186.3861175537108,31.2
BURO_ACTIVE_BB_STATUS_0_SUM_MAX,1186.2002227783203,30.4
BURO_CLOSED_BB_STATUS_0_MEAN_MAX,1178.7949634552,30.8
PREV_DAYS_LAST_DUE_SUM,1177.2516632080078,29.0
POS_NAME_CONTRACT_STATUS_RETURNED_TO_THE_STORE_MEAN,1176.9066005706786,31.6
BURO_AMT_CREDIT_MAX_OVERDUE_MIN,1175.9544387817382,26.6
PREV_PRODUCT_COMBINATION_POS_INDUSTRY_WITHOUT_INTEREST_MEAN,1169.530382156372,31.0
BURO_BB_STATUS_0_SUM_MEAN,1167.6112018585204,30.6
CC_RECENT_PAYS_MINIMUM_ONLY_MEAN,1166.8499828338622,20.2
BURO_BB_STATUS_C_MEAN_MEAN,1164.2603561401368,29.6
NAME_HOUSING_TYPE,1163.8593444824219,33.0
PREV_PRODUCT_COMBINATION_CASH_STREET__HIGH_MEAN,1157.1214611053467,26.4
PREV_NAME_PAYMENT_TYPE_CASH_THROUGH_THE_BANK_MEAN,1155.5606386184693,32.2
YEARS_BUILD_MEDI,1154.6294818878173,29.0
BURO_CLOSED_BB_STATUS_0_MEAN_MEAN,1153.2610630035401,31.2
BURO_CREDIT_TYPE_CAR_LOAN_MEAN,1152.9265975952148,31.6
BURO_CLOSED_AMT_ANNUITY_VAR,1151.844021987915,29.2
PREV_NAME_CASH_LOAN_PURPOSE_XNA_MEAN,1150.3290996551514,32.6
BURO_CLOSED_BB_STATUS_X_MEAN_VAR,1148.146117401123,31.4
BURO_ACTIVE_AMT_CREDIT_SUM_LIMIT_MIN,1146.2314640045165,30.6
CC_DRAWINGS_TO_LIMIT_VAR,1144.9806800842284,25.4
BURO_CLOSED_BB_STATUS_0_SUM_VAR,1138.5504585266112,31.4
PREV_CODE_REJECT_REASON_LIMIT_MEAN,1134.9436420440675,25.4
BURO_CLOSED_BB_STATUS_C_MEAN_VAR,1131.3665771484375,29.6
PREV_NAME_GOODS_CATEGORY_COMPUTERS_MEAN,1128.2995849609374,31.8
INS_NUM_INSTALMENT_VERSION_NUNIQUE,1121.5996032714843,28.6
BURO_AMT_ANNUITY_VAR,1120.7772197723389,29.6
POS_SK_DPD_DEF_MAX,1118.418677520752,23.4
BURO_CLOSED_BB_STATUS_0_MEAN_VAR,1116.0762985229492,29.4
PREV_REFUSED_AMT_GOODS_PRICE_MIN,1115.3036785125732,29.0
PREV_NAME_PORTFOLIO_POS_MEAN,1114.2483978271484,24.6
CC_PAYMENT_TO_MIN_VAR,1112.8090564727784,30.0
CC_AMT_PAYMENT_CURRENT_VAR,1104.483740234375,27.8
PREV_APPROVED_AMT_GOODS_PRICE_SUM,1104.2532791137696,13.6
PREV_APPROVED_DAYS_FIRST_DUE_MAX,1103.72975730896,26.6
BURO_CLOSED_AMT_CREDIT_MAX_OVERDUE_SUM,1103.0480422973633,27.0
PREV_NAME_CLIENT_TYPE_REPEATER_MEAN,1097.5233371734619,29.8
BURO_CLOSED_BB_MONTHS_BALANCE_MIN_VAR,1093.3515628814698,29.6
FLOORSMIN_AVG,1091.1883632659913,29.0
CC_PAYMENT_TO_MIN_MAX,1084.5445388793946,28.8
PREV_REFUSED_SELLERPLACE_AREA_MEAN,1083.4684581756592,22.0
CC_AMT_INST_MIN_REGULARITY_VAR,1079.1303424835205,24.8
BURO_ACTIVE_AMT_CREDIT_SUM_LIMIT_MAX,1078.9790031433106,28.4
PREV_PRODUCT_COMBINATION_CASH_MEAN,1076.6321601867676,32.2
BURO_CLOSED_BB_MONTHS_BALANCE_SIZE_MEAN,1070.9481784820557,29.0
INS_PAYMENT_PERC_MAX,1066.5916439056396,24.6
PREV_NAME_SELLER_INDUSTRY_FURNITURE_MEAN,1058.8264945983888,25.8
PREV_NAME_CONTRACT_STATUS_CANCELED_MEAN,1058.5771987915039,31.4
BURO_ACTIVE_BB_MONTHS_BALANCE_MIN_MEAN,1056.51037940979,26.8
PREV_APPROVED_DAYS_LAST_DUE_1ST_VERSION_VAR,1054.4597625732422,27.8
BURO_CLOSED_BB_STATUS_X_SUM_VAR,1053.1562984466552,28.6
BURO_CLOSED_BB_STATUS_C_SUM_VAR,1052.2513591766358,29.0
PREV_AMT_APPLICATION_MAX,1049.6188407897948,27.2
CC_DRAWINGS_TO_LIMIT_SUM,1048.413020324707,25.8
BURO_ACTIVE_AMT_CREDIT_SUM_LIMIT_VAR,1048.1442405700684,28.0
PREV_APPROVED_DAYS_LAST_DUE_VAR,1040.794101715088,25.8
BUREAU_REQ_TOTAL,1035.9869598388673,29.6
PREV_PRODUCT_COMBINATION_POS_HOUSEHOLD_WITHOUT_INTEREST_MEAN,1033.140637588501,26.4
PREV_CHANNEL_TYPE_REGIONAL___LOCAL_MEAN,1031.144281387329,28.2
BURO_BUREAU_ANNUITY_CREDIT_RATIO_MEAN,1026.0092208862304,25.6
PREV_REFUSED_AMT_APPLICATION_SUM,1019.5443382263184,22.8
BURO_BB_STATUS_X_MEAN_MEAN,1017.1410186767578,28.2
PREV_NAME_CONTRACT_TYPE_CASH_LOANS_MEAN,1016.0218425750733,26.0
CC_AMT_DRAWINGS_CURRENT_MEAN,1013.4211601257324,18.2
PREV_NAME_SELLER_INDUSTRY_XNA_MEAN,1006.8184997558594,26.6
BURO_CLOSED_BB_STATUS_X_MEAN_MEAN,993.7011157989502,25.6
BURO_BB_MONTHS_BALANCE_SIZE_SUM,993.5854614257812,23.8
POS_COUNT,989.5560607910156,19.6
BURO_BB_STATUS_C_SUM_MEAN,989.206897354126,25.2
CC_AMT_PAYMENT_CURRENT_SUM,987.6775196075439,22.2
BURO_AMT_CREDIT_SUM_DEBT_MIN,982.4160018920899,26.0
NONLIVINGAPARTMENTS_AVG,980.6527626037598,26.0
POS_IS_DPD_MEAN,979.6464565277099,24.2
BURO_CLOSED_BUREAU_ANNUITY_CREDIT_RATIO_MEAN,979.4740230560303,26.2
PREV_REFUSED_AMT_ANNUITY_SUM,969.9628242492676,23.8
PREV_REFUSED_AMT_GOODS_PRICE_MEAN,966.5106979370117,23.4
PREV_REFUSED_AMT_APPLICATION_MIN,963.4474826812744,23.0
BURO_CLOSED_BB_STATUS_C_MEAN_SUM,963.0404987335205,25.6
POS_CNT_INSTALMENT_FUTURE_MAX,962.113680267334,16.2
BURO_ACTIVE_BB_STATUS_X_SUM_MIN,961.5495193481445,24.4
BURO_ACTIVE_BB_MONTHS_BALANCE_MIN_VAR,957.2565189361572,25.6
BURO_ACTIVE_AMT_ANNUITY_MAX,956.1547622680664,24.8
CC_CNT_DRAWINGS_POS_CURRENT_MEAN,952.8005836486816,27.0
PREV_NAME_PORTFOLIO_CASH_MEAN,949.5699012756347,24.2
INS_PAYMENT_DIFF_MIN,942.1360149383545,21.6
BURO_CLOSED_BB_MONTHS_BALANCE_MAX_VAR,941.4231391906739,26.0
BURO_BB_MONTHS_BALANCE_MAX_VAR,939.4731391906738,24.4
PREV_NAME_PORTFOLIO_XNA_MEAN,935.3954395294189,25.4
BURO_CLOSED_BB_MONTHS_BALANCE_MIN_MEAN,931.8778190612793,23.6
PREV_REFUSED_AMT_APPLICATION_MEAN,930.6512020111084,20.8
PREV_NFLAG_INSURED_ON_APPROVAL_MEAN,928.7250617980957,25.0
PREV_APPROVED_DAYS_LAST_DUE_SUM,928.0006397247314,21.4
CC_CNT_DRAWINGS_CURRENT_SUM,927.8188034057617,21.2
BURO_CLOSED_BB_STATUS_X_SUM_MEAN,927.1372234344483,25.4
BURO_CLOSED_BB_STATUS_0_SUM_MEAN,917.796598815918,24.8
BURO_ACTIVE_BB_STATUS_0_MEAN_MEAN,915.1029232025146,25.6
INS_IS_UNDERPAID_SUM,904.6589427947998,25.4
CC_UTILIZATION_SUM,903.8760593414306,21.8
PREV_NAME_TYPE_SUITE_CHILDREN_MEAN,897.8193572998047,23.6
BURO_ACTIVE_BB_STATUS_0_MEAN_MIN,896.7783374786377,24.2
PREV_REFUSED_SELLERPLACE_AREA_SUM,896.3640609741211,23.0
ENTRANCES_MODE,885.3913230895996,22.6
BURO_CLOSED_BB_STATUS_0_MEAN_SUM,885.0038604736328,23.2
ELEVATORS_AVG,884.705360031128,21.8
CC_PAYMENT_TO_BALANCE_MAX,881.9941974639893,20.2
POS_CNT_INSTALMENT_MAX,880.4881774902344,15.6
CC_AMT_PAYMENT_CURRENT_MAX,870.8028793334961,21.2
BURO_BB_STATUS_1_MEAN_MEAN,870.4694988250733,20.0
PREV_NAME_SELLER_INDUSTRY_CONSTRUCTION_MEAN,865.2873783111572,25.0
PREV_REFUSED_AMT_CREDIT_MAX,861.8518230438233,20.6
BURO_CLOSED_BB_STATUS_C_SUM_MEAN,860.1430213928222,24.2
BURO_ACTIVE_BB_MONTHS_BALANCE_MIN_MIN,859.6406982421875,23.0
BURO_BB_STATUS_X_SUM_VAR,855.1904808044434,22.6
FLOORSMAX_MEDI,854.0393787384033,16.8
PREV_REFUSED_SELLERPLACE_AREA_MAX,851.7915168762207,20.8
PREV_REFUSED_CREDIT_GOODS_RATIO_VAR,851.1066581726075,19.4
BURO_AMT_CREDIT_SUM_LIMIT_MAX,849.4445188522338,23.4
BURO_AMT_ANNUITY_MEAN,848.4102993011475,21.8
PREV_NAME_TYPE_SUITE_SPOUSE__PARTNER_MEAN,847.9234573364258,24.0
BURO_ACTIVE_BB_STATUS_0_MEAN_SUM,845.790221786499,21.6
BURO_BB_STATUS_0_MEAN_MAX,845.4057384490967,22.6
BURO_CLOSED_BB_STATUS_2_MEAN_SUM,843.1776374816894,22.4
BURO_BUREAU_DEBT_CREDIT_RATIO_MIN,842.7966457366944,19.0
CC_AMT_DRAWINGS_ATM_CURRENT_SUM,837.7776195526124,19.8
BURO_ACTIVE_BB_MONTHS_BALANCE_SIZE_VAR,832.1288608551025,22.2
CC_CNT_INSTALMENT_MATURE_CUM_SUM,829.6622417449951,20.0
BURO_BB_MONTHS_BALANCE_MAX_MEAN,829.0405220031738,21.8
BURO_ACTIVE_AMT_ANNUITY_MEAN,828.2619369506835,22.8
INS_IS_LATE_SUM,827.2396987915039,23.0
BURO_ACTIVE_BUREAU_ANNUITY_CREDIT_RATIO_MEAN,824.5090808868408,22.2
PREV_REFUSED_AMT_CREDIT_MEAN,822.7787017822266,20.0
PREV_APPROVED_DAYS_FIRST_DUE_VAR,817.9354423522949,20.0
BURO_CLOSED_BB_MONTHS_BALANCE_MAX_MIN,814.1328998565674,23.8
PREV_NAME_CONTRACT_TYPE_REVOLVING_LOANS_MEAN,813.7229225158692,21.4
BURO_AMT_ANNUITY_MAX,810.7117630004883,22.2
BURO_ACTIVE_BB_STATUS_X_SUM_MEAN,808.5407833099365,21.6
BURO_BB_STATUS_C_MEAN_SUM,807.2061004638672,21.4
BURO_CLOSED_BB_STATUS_0_MEAN_MIN,804.7642234802246,21.0
BURO_BB_STATUS_C_SUM_VAR,803.257799911499,20.6
BURO_ACTIVE_BUREAU_ANNUITY_CREDIT_RATIO_VAR,802.7593200683593,22.4
CC_RECENT_AMT_BALANCE_MEAN,801.1847007751464,13.8
INS_2Y_IS_LATE_SUM,801.0224208831787,11.4
CC_AMT_DRAWINGS_ATM_CURRENT_MAX,788.6498226165771,18.0
BURO_ACTIVE_AMT_ANNUITY_MIN,787.5946826934814,21.8
CC_PAYMENT_TO_BALANCE_SUM,784.3130382537842,17.4
BURO_AMT_CREDIT_SUM_LIMIT_SUM,780.8240215301514,20.4
PREV_REFUSED_RATE_DOWN_PAYMENT_SUM,780.2588199615478,16.4
BURO_CLOSED_BB_STATUS_C_MEAN_MEAN,779.0306377410889,19.6
PREV_REFUSED_AMT_APPLICATION_MAX,776.563198852539,16.8
POS_INSTALMENT_PAID_RATIO_MIN,768.9960578918457,17.8
CC_AMT_DRAWINGS_CURRENT_VAR,768.1204383850097,16.2
BURO_BB_MONTHS_BALANCE_MIN_MAX,760.633561706543,19.6
PREV_APPROVED_DAYS_FIRST_DUE_SUM,750.0213993072509,16.4
PREV_REFUSED_HOUR_APPR_PROCESS_START_MAX,744.6404605865479,18.2
PREV_APPROVED_CNT_PAYMENT_MAX,743.6415985107421,13.4
BURO_CLOSED_BB_STATUS_1_MEAN_SUM,742.847163772583,17.6
BURO_ACTIVE_BB_STATUS_X_SUM_VAR,740.7447410583496,20.8
BURO_CLOSED_BB_STATUS_C_SUM_SUM,739.6185405731201,19.2
BURO_CLOSED_AMT_ANNUITY_MAX,737.2610214233398,20.4
CC_PAYS_MINIMUM_ONLY_SUM,735.0060413360595,19.6
BURO_BB_STATUS_0_SUM_MAX,734.6545833587646,19.6
BURO_BB_MONTHS_BALANCE_SIZE_MIN,734.6469184875489,17.8
CC_AMT_PAYMENT_TOTAL_CURRENT_VAR,733.7171401977539,18.6
PREV_NAME_GOODS_CATEGORY_CONSTRUCTION_MATERIALS_MEAN,733.5392024993896,18.0
POS_SK_DPD_MEAN,732.7584041595459,18.4
BURO_CLOSED_BUREAU_ANNUITY_CREDIT_RATIO_VAR,731.8862606048584,19.2
BURO_ACTIVE_BUREAU_ANNUITY_CREDIT_RATIO_MAX,729.5638210296631,19.2
BURO_CLOSED_BB_MONTHS_BALANCE_SIZE_MAX,729.5420413970947,19.0
BURO_COUNT,728.5913387298584,18.2
PREV_NAME_PORTFOLIO_CARDS_MEAN,722.9879615783691,16.4
BURO_ACTIVE_BB_STATUS_X_MEAN_SUM,721.2434410095215,19.8
CNT_FAM_MEMBERS,719.2705795288086,17.0
PREV_AMT_GOODS_PRICE_MAX,712.5596965789795,14.0
PREV_PRODUCT_COMBINATION_POS_OTHER_WITH_INTEREST_MEAN,712.3461395263672,19.0
ENTRANCES_MEDI,711.7084999084473,17.2
AMT_REQ_CREDIT_BUREAU_YEAR,709.7255619049072,20.4
CC_DRAWINGS_TO_LIMIT_MAX,704.9801826477051,17.6
BURO_ACTIVE_BB_STATUS_0_SUM_SUM,704.6571403503418,19.2
CC_AMT_DRAWINGS_POS_CURRENT_MAX,703.7525638580322,19.0
BURO_BB_STATUS_X_MEAN_MAX,698.9013393402099,17.4
BURO_CLOSED_BUREAU_ANNUITY_CREDIT_RATIO_MAX,696.6066215515136,17.8
PREV_APPROVED_DAYS_TERMINATION_MEAN,694.1184196472168,18.2
BURO_BB_MONTHS_BALANCE_SIZE_MAX,687.9465995788574,18.4
CC_CNT_INSTALMENT_MATURE_CUM_VAR,685.0724201202393,17.6
CC_CNT_INSTALMENT_MATURE_CUM_MEAN,682.8620597839356,17.0
CC_AMT_PAYMENT_TOTAL_CURRENT_SUM,681.4091598510743,16.4
BURO_BB_MONTHS_BALANCE_MIN_MIN,681.2135025024414,18.4
NONLIVINGAPARTMENTS_MEDI,680.6264785766601,17.6
PREV_REFUSED_AMT_DOWN_PAYMENT_MIN,678.3429634094239,16.8
BURO_BB_MONTHS_BALANCE_MIN_SUM,677.2025775909424,16.4
PREV_REFUSED_AMT_GOODS_PRICE_MAX,673.7505596160888,18.2
PREV_REFUSED_AMT_DOWN_PAYMENT_SUM,673.0278797149658,14.8
BURO_BB_STATUS_C_SUM_SUM,671.973201751709,18.4
BURO_CLOSED_BB_STATUS_C_SUM_MIN,670.754339981079,16.0
POS_RECENT_SK_DPD_MAX,669.5992393493652,13.8
BURO_ACTIVE_BB_STATUS_X_MEAN_MIN,669.2740158081054,17.0
BURO_CLOSED_BB_MONTHS_BALANCE_MIN_MIN,663.9741798400879,18.0
CC_MONTHS_BALANCE_MEAN,660.6762020111084,16.0
BURO_BB_STATUS_1_SUM_VAR,658.2967823028564,17.8
BURO_ACTIVE_BB_STATUS_X_MEAN_MEAN,655.5471996307373,18.2
BURO_CLOSED_BB_STATUS_X_MEAN_MAX,654.7410999298096,17.0
BURO_CLOSED_BB_STATUS_X_SUM_MIN,653.809701538086,20.2
BURO_ACTIVE_BB_STATUS_C_MEAN_MEAN,652.922359085083,16.8
BURO_BB_STATUS_1_MEAN_MAX,649.4054786682129,16.6
BURO_ACTIVE_AMT_ANNUITY_VAR,649.1631992340087,16.8
CC_AMT_PAYMENT_TOTAL_CURRENT_MEAN,647.9129810333252,17.2
CC_CNT_DRAWINGS_POS_CURRENT_VAR,647.0085391998291,15.6
BURO_ACTIVE_AMT_ANNUITY_SUM,642.2234817504883,17.8
BURO_CLOSED_BB_STATUS_C_MEAN_MIN,640.8496025085449,17.0
CC_PAYMENT_TO_BALANCE_MEAN,638.6300991058349,16.4
PREV_PRODUCT_COMBINATION_CASH_STREET__MIDDLE_MEAN,636.858960723877,16.6
CC_AMT_BALANCE_MAX,636.8512996673584,14.0
POS_SK_DPD_VAR,634.9966575622559,16.8
POS_SK_DPD_SUM,632.9156379699707,16.6
BURO_CLOSED_BUREAU_ANNUITY_CREDIT_RATIO_MIN,632.8177589416504,16.2
PREV_APPROVED_DUE_DIFF_SUM,631.76042137146,15.6
PREV_NAME_SELLER_INDUSTRY_CLOTHING_MEAN,631.0706993103028,16.6
CC_AMT_INST_MIN_REGULARITY_SUM,628.6378818511963,17.2
PREV_NAME_CONTRACT_STATUS_UNUSED_OFFER_MEAN,627.6107803344727,15.2
BURO_CLOSED_BB_MONTHS_BALANCE_MIN_SUM,627.5687358856201,15.2
FLOORSMAX_MODE,626.2951999664307,14.0
BURO_CLOSED_BB_STATUS_C_SUM_MAX,626.1028438568115,16.8
PREV_NAME_GOODS_CATEGORY_XNA_MEAN,625.8962772369384,16.0
BURO_ACTIVE_AMT_CREDIT_SUM_LIMIT_SUM,622.7302410125733,16.4
BURO_AMT_ANNUITY_MIN,621.6170616149902,17.2
BURO_CLOSED_BB_MONTHS_BALANCE_SIZE_SUM,621.2309406280517,15.0
BURO_BUREAU_ANNUITY_CREDIT_RATIO_SUM,620.7408851623535,13.8
CC_AMT_PAYMENT_TOTAL_CURRENT_MAX,620.4765197753907,15.2
BURO_ACTIVE_BB_STATUS_C_MEAN_MAX,620.0377990722657,15.2
INS_2Y_IS_UNDERPAID_SUM,619.4846424102783,10.2
BURO_ACTIVE_BB_MONTHS_BALANCE_SIZE_MAX,617.1941581726074,16.8
BURO_BB_STATUS_1_SUM_MEAN,616.7063816070556,13.8
BURO_ACTIVE_BB_MONTHS_BALANCE_MAX_SUM,615.3444206237793,15.4
BURO_ACTIVE_BB_STATUS_0_SUM_MIN,615.1553813934327,17.6
BURO_CLOSED_BB_STATUS_X_MEAN_SUM,613.3686393737793,15.6
PREV_APPROVED_DAYS_LAST_DUE_1ST_VERSION_MIN,612.1285636901855,14.6
POS_SK_DPD_DEF_SUM,609.0565986633301,12.0
PREV_APPROVED_DAYS_LAST_DUE_MEAN,603.9087373733521,15.6
PREV_DOWN_PAYMENT_RATIO_MAX,602.5102993011475,14.4
CC_MONTHS_BALANCE_SUM,600.6821990966797,15.0
PREV_PRODUCT_COMBINATION_CARD_STREET_MEAN,598.729080581665,16.6
PREV_APPROVED_DUE_DIFF_MIN,597.11891746521,13.2
BURO_ACTIVE_BB_MONTHS_BALANCE_MAX_VAR,593.5970573425293,17.4
CC_AMT_BALANCE_VAR,589.7987632751465,14.0
BURO_CLOSED_BB_STATUS_0_SUM_SUM,589.6097198486328,15.8
BURO_BB_STATUS_0_MEAN_SUM,589.1399761199951,14.4
BURO_CLOSED_BB_MONTHS_BALANCE_MAX_MEAN,588.8192810058594,15.8
BURO_ACTIVE_BB_MONTHS_BALANCE_MIN_SUM,587.755542755127,15.4
BURO_CLOSED_BUREAU_ANNUITY_CREDIT_RATIO_SUM,587.6301567077637,14.2
BURO_AMT_CREDIT_SUM_OVERDUE_VAR,587.0231803894043,13.4
PREV_APPROVED_DAYS_TERMINATION_SUM,583.1733390808106,15.0
PREV_NAME_TYPE_SUITE_OTHER_B_MEAN,581.0573593139649,14.4
PREV_NAME_GOODS_CATEGORY_PHOTO___CINEMA_EQUIPMENT_MEAN,580.5832618713379,16.8
BURO_BB_STATUS_0_SUM_MIN,579.6649795532227,16.0
PREV_NAME_CONTRACT_TYPE_CONSUMER_LOANS_MEAN,577.2466987609863,14.4
CC_AMT_BALANCE_MEAN,577.112759399414,10.8
BURO_CLOSED_BB_STATUS_1_MEAN_MEAN,575.3109577178955,15.2
BURO_BB_STATUS_C_SUM_MAX,573.6177814483642,14.8
PREV_APPROVED_DAYS_TERMINATION_MIN,573.2466835021972,13.8
PREV_REFUSED_RATE_DOWN_PAYMENT_MIN,571.6382194519043,15.8
BURO_BB_STATUS_X_MEAN_SUM,571.6064800262451,14.6
FLOORSMIN_MODE,569.4212406158447,15.0
PREV_NAME_GOODS_CATEGORY_CLOTHING_AND_ACCESSORIES_MEAN,568.7636787414551,15.6
CC_AMT_CREDIT_LIMIT_ACTUAL_MAX,566.4756397247314,14.6
BURO_ACTIVE_BB_MONTHS_BALANCE_MAX_MIN,565.1763813018799,14.2
BURO_BB_STATUS_0_SUM_SUM,563.9865577697753,14.0
PREV_DOWN_PAYMENT_RATIO_MIN,560.5715198516846,14.2
CC_AMT_RECEIVABLE_PRINCIPAL_MAX,559.9369590759277,12.2
BURO_CLOSED_BB_STATUS_0_SUM_MAX,559.8313011169433,15.8
CC_CNT_DRAWINGS_ATM_CURRENT_MAX,558.9171337127685,11.0
ELEVATORS_MEDI,550.8107418060303,13.6
PREV_REFUSED_DOWN_PAYMENT_RATIO_SUM,546.5745021820069,9.4
BURO_ACTIVE_BB_MONTHS_BALANCE_MIN_MAX,545.9021617889405,14.4
INS_1Y_IS_UNDERPAID_MEAN,545.6674224853516,13.8
PREV_REFUSED_AMT_DOWN_PAYMENT_VAR,542.6494789123535,12.6
CC_AMT_RECIVABLE_MIN,542.6254013061523,13.4
BURO_BB_STATUS_X_SUM_MIN,542.4131614685059,14.6
CC_CNT_DRAWINGS_POS_CURRENT_MAX,539.5744197845459,14.2
BURO_ACTIVE_BB_MONTHS_BALANCE_MAX_MAX,537.2685787200928,13.2
BURO_ACTIVE_BB_STATUS_0_MEAN_MAX,534.3731578826904,13.6
BURO_BB_MONTHS_BALANCE_MAX_MIN,531.1075172424316,13.6
BURO_BB_STATUS_1_MEAN_VAR,530.8043209075928,12.8
BURO_BUREAU_ANNUITY_CREDIT_RATIO_MIN,524.7214439392089,14.2
PREV_AMT_GOODS_PRICE_SUM,523.5755786895752,10.8
BURO_AMT_ANNUITY_SUM,522.7995826721192,13.8
BURO_CLOSED_AMT_ANNUITY_MEAN,522.6152801513672,13.0
BURO_AMT_CREDIT_SUM_OVERDUE_MAX,520.5470802307129,10.4
PREV_APPROVED_DAYS_FIRST_DUE_MEAN,518.7086807250977,12.8
CC_AMT_DRAWINGS_CURRENT_MAX,518.2818222045898,13.2
CC_AMT_INST_MIN_REGULARITY_MEAN,514.8555606842041,13.6
PREV_REFUSED_AMT_DOWN_PAYMENT_MAX,512.8881797790527,13.6
BURO_ACTIVE_BB_MONTHS_BALANCE_SIZE_SUM,508.7513996124268,14.2
PREV_REFUSED_AMT_GOODS_PRICE_SUM,507.1833610534668,10.4
CC_AMT_BALANCE_MIN,505.93384017944334,8.8
POS_IS_DPD_SUM,502.24957847595215,14.4
BURO_BB_STATUS_C_MEAN_MIN,500.16468200683596,12.2
BURO_ACTIVE_BB_STATUS_X_SUM_MAX,497.69601821899414,12.2
BURO_BB_STATUS_1_MEAN_MIN,495.9624393463135,10.6
CC_AMT_RECIVABLE_VAR,494.2441177368164,12.2
CC_AMT_RECEIVABLE_PRINCIPAL_VAR,490.0856708526611,12.4
BURO_CLOSED_BB_STATUS_X_SUM_MAX,489.4675380706787,12.8
PREV_REFUSED_DOWN_PAYMENT_RATIO_VAR,488.8597194671631,15.8
BURO_BB_STATUS_X_SUM_MAX,488.02833976745603,13.4
BURO_ACTIVE_BB_STATUS_C_SUM_MEAN,486.9340000152588,12.8
BURO_CREDIT_ACTIVE_SOLD_MEAN,483.85778045654297,12.4
CC_AMT_CREDIT_LIMIT_ACTUAL_MIN,482.4383602142334,12.4
CC_AMT_INST_MIN_REGULARITY_MAX,479.68569984436033,10.4
PREV_APPROVED_DAYS_LAST_DUE_MIN,478.7939380645752,13.0
BURO_BB_STATUS_1_MEAN_SUM,478.02012023925784,11.6
CC_AMT_RECIVABLE_MAX,477.63811988830565,11.2
CC_CNT_DRAWINGS_POS_CURRENT_MIN,476.5755588531494,12.8
FLOORSMIN_MEDI,473.66528167724607,12.2
CC_AMT_DRAWINGS_POS_CURRENT_SUM,471.8729587554932,11.8
BURO_BB_MONTHS_BALANCE_MAX_SUM,469.0691993713379,12.0
PREV_REFUSED_CNT_PAYMENT_MIN,464.32066040039064,11.4
BURO_AMT_CREDIT_SUM_OVERDUE_MEAN,463.97498207092286,12.0
CC_MONTHS_BALANCE_VAR,463.9578212738037,12.4
PREV_REFUSED_RATE_DOWN_PAYMENT_MAX,463.34717712402346,12.2
FLAG_DOCUMENT_8,463.2807964324951,13.2
BURO_ACTIVE_BB_MONTHS_BALANCE_SIZE_MIN,462.98723831176756,12.4
NAME_TYPE_SUITE,460.81303749084475,14.2
PREV_PRODUCT_COMBINATION_CARD_X_SELL_MEAN,459.3409000396729,12.8
BURO_ACTIVE_BB_STATUS_C_SUM_VAR,456.2668823242187,12.4
BURO_CLOSED_COUNT,454.81407737731934,11.6
BURO_CLOSED_BB_STATUS_0_SUM_MIN,453.8248401641846,12.4
CC_AMT_DRAWINGS_POS_CURRENT_VAR,450.91153678894045,12.2
CC_PAYMENT_TO_BALANCE_VAR,449.6801197052002,12.0
BURO_BB_STATUS_X_MEAN_MIN,447.95494041442873,12.0
BURO_ACTIVE_AMT_CREDIT_SUM_OVERDUE_MAX,447.29173812866213,9.6
CC_AMT_DRAWINGS_CURRENT_SUM,446.2169219970703,11.8
CC_NAME_CONTRACT_STATUS_ACTIVE_MEAN,446.15988121032717,12.0
BURO_CLOSED_BB_STATUS_2_MEAN_MEAN,445.44703979492186,11.2
BURO_ACTIVE_BB_STATUS_X_MEAN_MAX,444.47791748046876,12.0
BURO_CLOSED_AMT_ANNUITY_SUM,439.8039409637451,11.8
PREV_REFUSED_RATE_DOWN_PAYMENT_VAR,438.2558204650879,13.4
BURO_CLOSED_AMT_CREDIT_SUM_LIMIT_VAR,437.91144065856935,9.2
NAME_CONTRACT_TYPE,436.1181812286377,8.6
BURO_CLOSED_BB_STATUS_1_MEAN_MIN,433.51194152832034,10.8
BURO_ACTIVE_BB_STATUS_1_SUM_MAX,433.310538482666,13.6
PREV_APPROVED_DUE_DIFF_MAX,426.76622047424314,11.0
BURO_CLOSED_BB_MONTHS_BALANCE_MAX_SUM,425.28335723876955,12.4
BURO_CLOSED_BB_STATUS_1_MEAN_MAX,424.61146011352537,11.2
POS_SK_DPD_MAX,424.3317817687988,11.0
CC_AMT_RECIVABLE_MEAN,423.1490203857422,8.6
BURO_CLOSED_AMT_CREDIT_SUM_LIMIT_MEAN,423.14560012817384,10.4
POS_LOAN_COUNT,422.33543891906737,6.2
BURO_CLOSED_BB_STATUS_X_MEAN_MIN,420.104061126709,11.2
PREV_NAME_CASH_LOAN_PURPOSE_XAP_MEAN,417.41104278564455,11.2
PREV_APPROVED_DAYS_FIRST_DRAWING_MIN,413.779260635376,8.4
PREV_APPROVED_DOWN_PAYMENT_RATIO_MAX,411.04328231811525,10.2
PREV_NAME_CASH_LOAN_PURPOSE_OTHER_MEAN,407.9389190673828,10.8
BURO_ACTIVE_CNT_CREDIT_PROLONG_MEAN,407.6558612823486,10.0
CC_AMT_PAYMENT_CURRENT_MIN,404.4161594390869,10.4
CC_IS_DPD_MEAN,400.7732406616211,10.4
PREV_APPROVED_DOWN_PAYMENT_RATIO_MIN,398.62527923583986,10.8
PREV_CNT_PAYMENT_MIN,397.92644157409666,11.2
BURO_CLOSED_BB_STATUS_1_SUM_VAR,396.9323184967041,10.0
CC_AMT_RECEIVABLE_PRINCIPAL_MEAN,387.410697555542,8.8
CC_CNT_INSTALMENT_MATURE_CUM_MAX,385.3298599243164,9.8
PREV_APPROVED_DAYS_FIRST_DUE_MIN,384.8335014343262,10.0
PREV_APPROVED_DAYS_FIRST_DRAWING_MAX,382.16955947875977,6.2
ELEVATORS_MODE,380.7725803375244,9.2
PREV_NAME_SELLER_INDUSTRY_AUTO_TECHNOLOGY_MEAN,377.05776062011716,10.0
BURO_ACTIVE_BB_STATUS_1_MEAN_MEAN,377.04831886291504,12.2
CC_NAME_CONTRACT_STATUS_SENT_PROPOSAL_MEAN,375.22178077697754,15.0
BURO_BB_STATUS_X_SUM_SUM,374.476261138916,11.0
BURO_ACTIVE_BB_STATUS_1_MEAN_MAX,373.16038208007814,11.6
PREV_NFLAG_INSURED_ON_APPROVAL_SUM,370.80223922729493,10.8
CC_AMT_DRAWINGS_OTHER_CURRENT_MAX,368.0845806121826,10.0
CC_UTILIZATION_MIN,364.04427909851074,7.6
CC_AMT_DRAWINGS_POS_CURRENT_MEAN,363.97009963989257,10.4
BURO_CLOSED_BUREAU_DEBT_CREDIT_RATIO_MEAN,361.9079982757568,8.2
BURO_ACTIVE_BB_STATUS_X_SUM_SUM,359.691760635376,9.8
BURO_CLOSED_BB_STATUS_1_MEAN_VAR,359.65794067382814,9.8
PREV_APPROVED_NFLAG_INSURED_ON_APPROVAL_VAR,358.40754051208495,10.4
AMT_REQ_CREDIT_BUREAU_MON,355.59266052246096,10.4
PREV_PRODUCT_COMBINATION_POS_MOBILE_WITHOUT_INTEREST_MEAN,354.102498626709,10.0
BURO_CNT_CREDIT_PROLONG_VAR,353.8794635772705,10.2
PREV_REFUSED_AMT_DOWN_PAYMENT_MEAN,353.4774417877197,9.0
BURO_CLOSED_BB_STATUS_3_MEAN_SUM,352.2304405212402,8.4
BURO_ACTIVE_BB_STATUS_1_MEAN_VAR,351.2317211151123,8.8
BURO_CLOSED_BB_STATUS_1_SUM_MEAN,346.2615795135498,8.2
PREV_APPROVED_CNT_PAYMENT_MIN,346.0324577331543,9.2
PREV_REFUSED_DOWN_PAYMENT_RATIO_MEAN,344.4086399078369,9.2
CC_PAYMENT_TO_BALANCE_MIN,341.8112201690674,9.0
BURO_ACTIVE_BUREAU_ANNUITY_CREDIT_RATIO_SUM,340.902840423584,8.8
BURO_ACTIVE_BB_STATUS_C_MEAN_SUM,340.3492805480957,9.2
INS_1Y_IS_LATE_SUM,334.93112030029295,7.4
BURO_ACTIVE_BB_STATUS_C_SUM_MAX,330.4521614074707,9.2
BURO_CLOSED_BB_STATUS_X_SUM_SUM,328.2038600921631,9.2
BURO_CLOSED_AMT_ANNUITY_MIN,324.96279792785646,8.4
CC_SK_DPD_MEAN,319.0506984710693,9.0
CC_MONTHS_BALANCE_MIN,318.361922454834,7.4
CC_AMT_BALANCE_SUM,313.18776245117186,8.4
BURO_ACTIVE_BB_STATUS_C_SUM_SUM,307.5491798400879,8.4
POS_RECENT_IS_DPD_SUM,306.37901878356934,7.2
CC_NAME_CONTRACT_STATUS_COMPLETED_MEAN,306.35132179260256,8.8
INS_1Y_IS_UNDERPAID_SUM,305.3717388153076,4.0
PREV_NAME_GOODS_CATEGORY_JEWELRY_MEAN,295.39062118530273,8.4
PREV_NAME_SELLER_INDUSTRY_INDUSTRY_MEAN,294.93136138916014,8.0
CC_AMT_DRAWINGS_OTHER_CURRENT_SUM,288.34183769226075,7.0
CC_CNT_DRAWINGS_POS_CURRENT_SUM,287.3931396484375,7.2
POS_INSTALMENT_PAID_RATIO_MAX,287.192919921875,7.6
BURO_BB_STATUS_C_SUM_MIN,285.8673606872559,7.2
BURO_CLOSED_AMT_CREDIT_SUM_DEBT_VAR,281.3600593566895,7.2
PREV_DAYS_FIRST_DRAWING_SUM,275.22960052490237,7.6
FLAG_PHONE,274.56472091674806,6.8
BURO_ACTIVE_BB_STATUS_C_MEAN_MIN,271.3690414428711,6.8
BURO_ACTIVE_AMT_CREDIT_SUM_OVERDUE_VAR,267.7313579559326,6.4
BURO_ACTIVE_AMT_CREDIT_SUM_OVERDUE_MEAN,266.8194206237793,7.8
PREV_REFUSED_RATE_DOWN_PAYMENT_MEAN,265.2837200164795,6.8
PREV_NAME_CASH_LOAN_PURPOSE_REPAIRS_MEAN,261.91101837158203,6.8
CC_SK_DPD_DEF_MEAN,260.51867828369143,7.2
PREV_NAME_GOODS_CATEGORY_MEDICINE_MEAN,259.08558044433596,6.6
BURO_CLOSED_AMT_CREDIT_SUM_LIMIT_MAX,246.50210037231446,6.4
PREV_APPROVED_NFLAG_LAST_APPL_IN_DAY_SUM,245.04704093933105,6.0
BURO_CLOSED_AMT_CREDIT_SUM_DEBT_MEAN,244.5232810974121,6.4
CC_IS_DPD_VAR,243.4334804534912,7.0
PREV_NFLAG_LAST_APPL_IN_DAY_SUM,239.30646057128905,5.8
CC_IS_DPD_SUM,238.82525939941405,6.4
PREV_NAME_CASH_LOAN_PURPOSE_URGENT_NEEDS_MEAN,234.03997917175292,7.0
BURO_ACTIVE_AMT_CREDIT_SUM_OVERDUE_SUM,229.4461410522461,5.4
PREV_APPROVED_NFLAG_INSURED_ON_APPROVAL_MEAN,228.11371994018555,6.4
BURO_ACTIVE_BB_STATUS_1_MEAN_SUM,226.54066553115845,5.8
PREV_REFUSED_COUNT,223.60244216918946,4.4
CC_AMT_RECEIVABLE_PRINCIPAL_SUM,222.95106773376466,6.0
PREV_REFUSED_NFLAG_LAST_APPL_IN_DAY_SUM,221.93987960815429,5.4
BURO_ACTIVE_BB_STATUS_C_SUM_MIN,220.5942798614502,5.4
BURO_CREDIT_TYPE_ANOTHER_TYPE_OF_LOAN_MEAN,220.3872200012207,8.2
PREV_NAME_TYPE_SUITE_OTHER_A_MEAN,217.8393398284912,6.0
CC_AMT_DRAWINGS_OTHER_CURRENT_VAR,213.70908012390137,5.2
BURO_CLOSED_BB_MONTHS_BALANCE_MAX_MAX,213.54688110351563,5.8
CNT_CHILDREN,211.751619720459,6.0
POS_NAME_CONTRACT_STATUS_APPROVED_MEAN,210.02823905944825,6.0
BURO_CLOSED_AMT_CREDIT_SUM_LIMIT_SUM,208.56064109802247,5.2
BURO_CNT_CREDIT_PROLONG_MEAN,207.09603881835938,6.4
POS_CNT_INSTALMENT_FUTURE_MIN,204.90853958129884,5.0
CC_AMT_DRAWINGS_POS_CURRENT_MIN,203.77239913940429,4.8
INS_LOAN_COUNT,201.56781883239745,4.2
CHILDREN_RATIO,199.310880279541,6.0
CC_SK_DPD_VAR,198.35217933654786,5.2
PREV_NAME_GOODS_CATEGORY_GARDENING_MEAN,196.3348789215088,6.2
BURO_CLOSED_AMT_CREDIT_SUM_DEBT_SUM,194.590580368042,5.2
CC_SK_DPD_SUM,193.92903938293458,5.2
PREV_NAME_GOODS_CATEGORY_SPORT_AND_LEISURE_MEAN,192.7779399871826,6.6
FONDKAPREMONT_MODE,192.1691795349121,5.6
PREV_CODE_REJECT_REASON_SCOFR_MEAN,190.70195846557618,3.4
BURO_CLOSED_BB_STATUS_2_MEAN_MAX,185.6406997680664,4.2
BURO_ACTIVE_BB_STATUS_1_SUM_VAR,184.60479927062988,5.6
CC_AMT_TOTAL_RECEIVABLE_MAX,183.75202026367188,4.8
AMT_REQ_CREDIT_BUREAU_DAY,182.31080169677733,4.6
BURO_CLOSED_BB_STATUS_3_MEAN_MEAN,177.9758399963379,4.8
POS_IS_DPD_DEF_SUM,174.95899963378906,5.0
PREV_NAME_GOODS_CATEGORY_VEHICLES_MEAN,172.88427925109863,4.2
BURO_BB_STATUS_2_MEAN_VAR,171.41248016357423,4.4
CC_SK_DPD_DEF_VAR,170.83178100585937,3.6
BURO_ACTIVE_BUREAU_ENDDATE_DIFF_MIN,170.6964584350586,4.2
FLAG_OWN_REALTY,168.17191848754882,5.0
BURO_CLOSED_BB_STATUS_2_MEAN_VAR,167.3013210296631,5.0
BURO_BB_STATUS_1_SUM_SUM,164.59948043823243,4.6
CC_AMT_TOTAL_RECEIVABLE_VAR,164.5066993713379,3.6
BURO_CLOSED_BUREAU_DEBT_CREDIT_RATIO_SUM,164.27081909179688,5.0
REG_CITY_NOT_WORK_CITY,163.91216201782225,3.8
PREV_CODE_REJECT_REASON_VERIF_MEAN,162.7045986175537,5.6
CC_COUNT,159.6922592163086,5.0
BURO_CLOSED_AMT_CREDIT_SUM_DEBT_MAX,158.24765853881837,4.8
BURO_CLOSED_BB_STATUS_1_SUM_SUM,155.37037887573243,3.6
BURO_BB_STATUS_2_MEAN_SUM,154.33975791931152,3.8
CC_AMT_TOTAL_RECEIVABLE_MIN,154.0165802001953,4.0
CC_AMT_RECEIVABLE_PRINCIPAL_MIN,153.39998054504395,4.0
PREV_CODE_REJECT_REASON_CLIENT_MEAN,152.17639923095703,4.2
PREV_NAME_GOODS_CATEGORY_MEDICAL_SUPPLIES_MEAN,151.59215965270997,3.8
BURO_ACTIVE_BUREAU_ENDDATE_DIFF_MAX,146.1094596862793,4.0
PREV_NAME_PAYMENT_TYPE_NON_CASH_FROM_YOUR_ACCOUNT_MEAN,145.50533866882324,4.4
CC_MONTHS_BALANCE_MAX,145.0644203186035,4.2
PREV_NAME_GOODS_CATEGORY_OTHER_MEAN,144.69716148376466,5.0
CC_PAYMENT_TO_MIN_MIN,143.01016082763672,4.0
CC_AMT_INST_MIN_REGULARITY_MIN,142.73319969177246,4.4
BURO_CLOSED_BUREAU_DEBT_CREDIT_RATIO_VAR,140.31263999938966,4.2
PREV_FLAG_LAST_APPL_PER_CONTRACT_N_MEAN,139.8658004760742,4.4
BURO_CLOSED_BB_STATUS_2_SUM_MEAN,138.54352111816405,3.2
BURO_ACTIVE_BB_STATUS_1_MEAN_MIN,136.93898010253906,4.2
PREV_APPROVED_DAYS_FIRST_DRAWING_SUM,136.6771011352539,3.6
BURO_BB_MONTHS_BALANCE_MAX_MAX,136.48089981079102,3.4
BURO_ACTIVE_BB_STATUS_1_SUM_MEAN,135.05931816101074,3.6
PREV_REFUSED_DOWN_PAYMENT_RATIO_MIN,134.75306091308593,3.8
BURO_AMT_CREDIT_SUM_LIMIT_MIN,132.60173988342285,4.0
BURO_AMT_CREDIT_SUM_OVERDUE_SUM,129.77693939208984,2.8
BURO_ACTIVE_BB_STATUS_1_SUM_SUM,127.19583930969239,3.4
BURO_CLOSED_AMT_CREDIT_SUM_OVERDUE_MEAN,126.98635940551758,4.2
BURO_BB_STATUS_1_SUM_MAX,123.8999210357666,3.8
PREV_RATE_INTEREST_PRIMARY_MIN,120.78584060668945,3.2
BURO_CLOSED_CNT_CREDIT_PROLONG_MEAN,120.63212051391602,3.8
BURO_CLOSED_BB_STATUS_4_SUM_MEAN,119.77946090698242,3.8
CC_AMT_RECIVABLE_SUM,118.03328018188476,3.4
BURO_CLOSED_CNT_CREDIT_PROLONG_VAR,117.62796058654786,3.8
PREV_APPROVED_COUNT,114.4647201538086,2.2
CC_NAME_CONTRACT_STATUS_SIGNED_MEAN,112.8257999420166,3.6
FLAG_OWN_CAR,112.13981971740722,1.4
BURO_BB_STATUS_2_MEAN_MEAN,111.16013984680175,3.0
BURO_CREDIT_CURRENCY_CURRENCY_1_MEAN,109.67025909423828,2.8
CC_RECENT_SK_DPD_MEAN,107.39967842102051,2.4
FLAG_DOCUMENT_13,107.30907936096192,3.8
FLAG_DOCUMENT_18,106.09365997314453,2.8
LIVE_CITY_NOT_WORK_CITY,105.80061912536621,3.4
CC_SK_DPD_DEF_MAX,104.87557868957519,1.8
CC_CNT_DRAWINGS_CURRENT_MIN,104.5823802947998,2.4
BURO_ACTIVE_BUREAU_ENDDATE_DIFF_MEAN,103.83976097106934,2.4
BURO_BB_STATUS_2_SUM_MEAN,103.48129997253417,3.2
BURO_ACTIVE_CNT_CREDIT_PROLONG_VAR,101.58743934631347,3.2
BURO_CLOSED_BB_STATUS_4_MEAN_MEAN,100.64400138854981,2.4
BURO_ACTIVE_DAYS_ENDDATE_FACT_MAX,99.36066017150878,3.0
BURO_CLOSED_BB_STATUS_1_SUM_MAX,99.08152046203614,2.4
PREV_REFUSED_DOWN_PAYMENT_RATIO_MAX,98.84480018615723,3.0
CC_AMT_TOTAL_RECEIVABLE_SUM,98.5088005065918,2.6
BURO_BB_STATUS_5_MEAN_MIN,97.67292060852051,3.4
PREV_APPROVED_NFLAG_INSURED_ON_APPROVAL_SUM,96.02726020812989,2.8
PREV_NAME_GOODS_CATEGORY_AUTO_ACCESSORIES_MEAN,95.75783958435059,2.6
BURO_CLOSED_AMT_CREDIT_SUM_OVERDUE_VAR,93.0717399597168,3.0
HOUSETYPE_MODE,93.06354026794433,2.6
CC_CNT_DRAWINGS_OTHER_CURRENT_MEAN,91.90684089660644,2.4
PREV_NAME_GOODS_CATEGORY_DIRECT_SALES_MEAN,91.8938003540039,3.6
BURO_BB_STATUS_5_SUM_MEAN,90.91585960388184,2.4
CC_SK_DPD_MAX,90.36420021057128,2.6
BURO_BB_STATUS_2_MEAN_MAX,89.25772056579589,2.0
BURO_BUREAU_OVERDUE_DEBT_RATIO_VAR,88.63686180114746,2.0
PREV_NAME_GOODS_CATEGORY_HOMEWARES_MEAN,86.64558181762695,2.4
CC_AMT_DRAWINGS_OTHER_CURRENT_MEAN,85.54385948181152,2.2
LIVE_REGION_NOT_WORK_REGION,84.89071960449219,2.4
CC_CNT_INSTALMENT_MATURE_CUM_MIN,84.2946590423584,2.0
CC_AMT_DRAWINGS_CURRENT_MIN,82.27446022033692,2.0
BURO_ACTIVE_CREDIT_DAY_OVERDUE_VAR,81.38903999328613,2.4
CC_SK_DPD_DEF_SUM,80.55061988830566,2.0
PREV_APPROVED_DAYS_FIRST_DRAWING_MEAN,79.0978790283203,2.0
BURO_CLOSED_BUREAU_DEBT_CREDIT_RATIO_MAX,77.36716041564941,2.8
FLAG_DOCUMENT_6,76.66933975219726,1.8
BURO_CLOSED_BB_STATUS_2_SUM_VAR,76.41623954772949,1.8
BURO_BB_STATUS_3_MEAN_MEAN,75.66939926147461,1.8
PREV_REFUSED_NFLAG_LAST_APPL_IN_DAY_MEAN,75.36641960144043,2.2
BURO_ACTIVE_BUREAU_OVERDUE_DEBT_RATIO_MAX,74.76392059326172,1.8
PREV_NAME_CASH_LOAN_PURPOSE_FURNITURE_MEAN,74.50149993896484,3.2
BURO_CREDIT_DAY_OVERDUE_VAR,73.59454078674317,2.0
BURO_CREDIT_DAY_OVERDUE_MEAN,73.32056007385253,1.8
PREV_NAME_CASH_LOAN_PURPOSE_MEDICINE_MEAN,71.82033882141113,1.8
BURO_BB_STATUS_1_SUM_MIN,71.58750038146972,1.6
PREV_NAME_TYPE_SUITE_GROUP_OF_PEOPLE_MEAN,71.55246124267578,2.4
PREV_RATE_INTEREST_PRIMARY_MAX,71.21543960571289,1.8
PREV_RATE_INTEREST_PRIMARY_SUM,70.08583869934083,2.0
BURO_CLOSED_BB_STATUS_1_SUM_MIN,68.76761932373047,1.2
REG_REGION_NOT_WORK_REGION,66.92844085693359,1.8
BURO_CLOSED_BUREAU_DEBT_CREDIT_RATIO_MIN,65.8542594909668,2.2
CC_CNT_DRAWINGS_OTHER_CURRENT_VAR,65.14597969055175,1.8
PREV_COUNT,64.64958038330079,1.8
CC_AMT_PAYMENT_TOTAL_CURRENT_MIN,62.784040451049805,1.6
CC_CNT_DRAWINGS_OTHER_CURRENT_SUM,62.34221992492676,2.2
CC_RECENT_SK_DPD_MAX,62.333140182495114,1.6
BURO_BB_STATUS_5_SUM_VAR,61.997680282592775,2.2
BURO_CLOSED_BB_STATUS_5_MEAN_MEAN,60.94512100219727,1.0
BURO_ACTIVE_BUREAU_OVERDUE_DEBT_RATIO_MEAN,60.755400848388675,1.8
PREV_RATE_INTEREST_PRIVILEGED_MAX,60.7286792755127,1.6
BURO_CREDIT_DAY_OVERDUE_MAX,60.70485954284668,1.8
BURO_ACTIVE_AMT_CREDIT_SUM_OVERDUE_MIN,60.6798397064209,2.2
PREV_RATE_INTEREST_PRIMARY_MEAN,60.65919952392578,1.6
CC_DRAWINGS_TO_LIMIT_MIN,60.64061965942383,1.8
BURO_CNT_CREDIT_PROLONG_MAX,60.20883979797363,2.2
BURO_ACTIVE_CREDIT_DAY_OVERDUE_MEAN,58.953019332885745,1.6
BURO_ACTIVE_DAYS_ENDDATE_FACT_MIN,57.57299995422363,1.4
AMT_REQ_CREDIT_BUREAU_WEEK,57.453440475463864,1.8
BURO_ACTIVE_DAYS_ENDDATE_FACT_SUM,56.88827972412109,1.2
BURO_CLOSED_BB_STATUS_5_SUM_MEAN,54.65830001831055,1.0
PREV_APPROVED_RATE_INTEREST_PRIMARY_SUM,54.39118118286133,1.2
BURO_CLOSED_BB_STATUS_3_MEAN_MAX,54.29466018676758,1.2
BURO_BB_STATUS_3_MEAN_SUM,53.65206108093262,1.2
PREV_NAME_SELLER_INDUSTRY_JEWELRY_MEAN,51.967119979858396,1.4
BURO_CLOSED_BB_STATUS_3_MEAN_VAR,50.61174011230469,1.4
PREV_CODE_REJECT_REASON_XNA_MEAN,50.591499710083006,1.4
BURO_BB_STATUS_5_MEAN_MEAN,48.8599193572998,1.2
PREV_REFUSED_NFLAG_LAST_APPL_IN_DAY_VAR,47.914619827270506,1.0
BURO_BB_STATUS_4_MEAN_MAX,47.429620361328126,1.0
FLAG_DOCUMENT_11,46.710319900512694,1.6
PREV_PRODUCT_COMBINATION_POS_OTHERS_WITHOUT_INTEREST_MEAN,46.40107955932617,1.4
BURO_BB_STATUS_3_MEAN_MAX,46.02394104003906,0.8
BURO_ACTIVE_CREDIT_DAY_OVERDUE_MAX,45.82674026489258,1.4
BURO_CREDIT_TYPE_LOAN_FOR_BUSINESS_DEVELOPMENT_MEAN,45.28625984191895,1.6
BURO_CLOSED_BUREAU_OVERDUE_DEBT_RATIO_VAR,44.26063995361328,1.0
PREV_NAME_CASH_LOAN_PURPOSE_BUYING_A_USED_CAR_MEAN,44.20251998901367,1.4
REG_REGION_NOT_LIVE_REGION,44.03656005859375,1.4
BURO_BB_STATUS_4_SUM_SUM,42.97093963623047,1.0
BURO_ACTIVE_CNT_CREDIT_PROLONG_MAX,42.78977966308594,1.2
PREV_NFLAG_LAST_APPL_IN_DAY_MEAN,42.323520278930665,1.4
BURO_BB_STATUS_3_SUM_MEAN,41.87093963623047,0.8
EXT_SOURCES_NAN_COUNT,40.98349952697754,1.0
PREV_FLAG_LAST_APPL_PER_CONTRACT_Y_MEAN,40.32499961853027,1.2
CC_AMT_TOTAL_RECEIVABLE_MEAN,40.15929985046387,1.0
BURO_BUREAU_OVERDUE_DEBT_RATIO_MAX,39.96885986328125,1.0
BURO_CLOSED_BB_STATUS_2_SUM_MIN,39.6714599609375,1.6
BURO_CLOSED_BB_STATUS_5_SUM_VAR,38.85093994140625,1.6
PREV_NAME_CASH_LOAN_PURPOSE_WEDDING___GIFT___HOLIDAY_MEAN,38.738939666748045,1.6
BURO_BB_STATUS_5_SUM_MAX,38.12859954833984,0.6
BURO_BB_STATUS_4_SUM_MEAN,37.90381965637207,1.0
PREV_RATE_INTEREST_PRIVILEGED_MIN,36.50053939819336,0.8
PREV_NAME_CASH_LOAN_PURPOSE_EVERYDAY_EXPENSES_MEAN,35.49554023742676,1.4
BURO_ACTIVE_BB_STATUS_2_MEAN_MEAN,35.42865982055664,1.2
BURO_ACTIVE_BUREAU_OVERDUE_DEBT_RATIO_VAR,35.39251976013183,1.0
BURO_CLOSED_BB_STATUS_5_SUM_SUM,34.241559219360354,0.6
PREV_NAME_CASH_LOAN_PURPOSE_BUILDING_A_HOUSE_OR_AN_ANNEX_MEAN,34.030879211425784,1.0
PREV_NAME_CASH_LOAN_PURPOSE_BUYING_A_NEW_CAR_MEAN,33.57561988830567,1.0
CC_RECENT_IS_DPD_MEAN,33.14794006347656,0.8
PREV_NFLAG_LAST_APPL_IN_DAY_VAR,33.109439849853516,1.0
BURO_CREDIT_CURRENCY_CURRENCY_3_MEAN,32.89057998657226,1.2
BURO_CREDIT_CURRENCY_CURRENCY_2_MEAN,32.41332015991211,0.6
BURO_ACTIVE_CREDIT_DAY_OVERDUE_SUM,31.839920425415038,0.8
EMERGENCYSTATE_MODE,31.806680297851564,0.8
FLAG_EMAIL,31.761220169067382,1.0
BURO_BB_STATUS_3_SUM_VAR,31.58927993774414,0.6
PREV_NFLAG_INSURED_ON_APPROVAL_MIN,31.522760009765626,0.6
PREV_NAME_GOODS_CATEGORY_OFFICE_APPLIANCES_MEAN,31.483340072631837,1.0
BURO_BB_STATUS_5_SUM_MIN,31.295319747924804,1.0
BURO_BUREAU_OVERDUE_DEBT_RATIO_MEAN,31.056659698486328,0.8
BURO_ACTIVE_BB_STATUS_2_SUM_VAR,30.98832015991211,1.0
BURO_CLOSED_BB_STATUS_5_MEAN_SUM,30.971359634399413,0.6
BURO_CLOSED_AMT_CREDIT_SUM_DEBT_MIN,28.669279861450196,0.8
PREV_NAME_CASH_LOAN_PURPOSE_PAYMENTS_ON_OTHER_LOANS_MEAN,27.9443000793457,1.0
CC_PAYS_MINIMUM_ONLY_MAX,27.931839370727538,0.6
PREV_APPROVED_NFLAG_LAST_APPL_IN_DAY_MEAN,26.441899871826173,0.8
PREV_NAME_CLIENT_TYPE_XNA_MEAN,26.13145980834961,0.8
BURO_CLOSED_BB_STATUS_5_SUM_MIN,25.63218002319336,0.8
BURO_ACTIVE_CNT_CREDIT_PROLONG_MIN,25.630960083007814,0.6
BURO_BB_STATUS_5_MEAN_MAX,24.88531951904297,0.4
BURO_CLOSED_AMT_CREDIT_SUM_OVERDUE_MAX,24.62071990966797,1.0
BURO_CLOSED_BB_STATUS_4_MEAN_SUM,24.477480316162108,0.4
BURO_BB_STATUS_4_MEAN_MEAN,23.704659271240235,0.8
BURO_CLOSED_BB_STATUS_4_MEAN_MIN,23.560980606079102,0.6
BURO_ACTIVE_CNT_CREDIT_PROLONG_SUM,23.55254020690918,1.0
BURO_BB_STATUS_3_MEAN_VAR,23.50881996154785,0.8
BURO_CNT_CREDIT_PROLONG_SUM,23.440019607543945,1.0
BURO_BB_STATUS_5_MEAN_SUM,23.084440612792967,0.4
BURO_ACTIVE_BB_STATUS_2_MEAN_MAX,23.000899505615234,0.6
PREV_APPROVED_RATE_INTEREST_PRIMARY_MAX,22.7931396484375,0.6
BURO_CREDIT_DAY_OVERDUE_SUM,22.554540634155273,0.6
BURO_BB_STATUS_2_SUM_VAR,22.04301986694336,0.6
BURO_ACTIVE_BB_STATUS_2_SUM_MEAN,21.223759841918945,0.6
PREV_APPROVED_RATE_INTEREST_PRIMARY_MIN,21.06419982910156,0.6
BURO_CLOSED_BB_STATUS_4_MEAN_VAR,20.5889404296875,0.4
BURO_CLOSED_BB_STATUS_3_MEAN_MIN,19.99714012145996,0.6
PREV_NAME_CASH_LOAN_PURPOSE_PURCHASE_OF_ELECTRONIC_EQUIPMENT_MEAN,19.271099853515626,0.8
PREV_APPROVED_NFLAG_LAST_APPL_IN_DAY_VAR,17.577659606933594,0.4
BURO_CLOSED_BB_STATUS_2_SUM_SUM,17.312680053710938,0.4
FLAG_DOCUMENT_5,17.234499740600587,0.6
BURO_BB_STATUS_5_MEAN_VAR,16.775940322875975,0.6
BURO_CLOSED_BB_STATUS_5_MEAN_MAX,16.524620056152344,0.4
BURO_ACTIVE_BB_STATUS_2_MEAN_SUM,16.381300354003905,0.4
FLAG_DOCUMENT_16,15.841339874267579,0.4
PREV_NAME_SELLER_INDUSTRY_MLM_PARTNERS_MEAN,15.83067970275879,0.6
BURO_CLOSED_BB_STATUS_5_MEAN_MIN,15.694720458984374,0.4
BURO_ACTIVE_BUREAU_ENDDATE_DIFF_SUM,15.602479553222656,0.4
BURO_CLOSED_BB_STATUS_5_SUM_MAX,15.390039825439453,0.6
BURO_BB_STATUS_2_SUM_SUM,15.369239807128906,0.4
PREV_NAME_GOODS_CATEGORY_TOURISM_MEAN,15.332340240478516,0.6
BURO_CLOSED_BB_STATUS_3_SUM_SUM,14.972079467773437,0.2
BURO_BB_STATUS_4_MEAN_SUM,14.874939727783204,0.4
BURO_BB_STATUS_3_SUM_SUM,14.620980072021485,0.4
BURO_CLOSED_CNT_CREDIT_PROLONG_MAX,14.202220153808593,0.4
CC_AMT_DRAWINGS_ATM_CURRENT_MIN,13.257099914550782,0.4
BURO_CNT_CREDIT_PROLONG_MIN,12.88495979309082,0.6
BURO_ACTIVE_BB_STATUS_1_SUM_MIN,12.844619750976562,0.4
PREV_RATE_INTEREST_PRIVILEGED_SUM,11.979879760742188,0.4
PREV_RATE_INTEREST_PRIVILEGED_MEAN,11.288979721069335,0.4
BURO_BB_STATUS_2_SUM_MIN,11.263500213623047,0.4
PREV_NAME_CASH_LOAN_PURPOSE_EDUCATION_MEAN,11.14650001525879,0.4
PREV_NFLAG_INSURED_ON_APPROVAL_MAX,10.966160202026368,0.4
CC_CNT_DRAWINGS_OTHER_CURRENT_MAX,10.660579681396484,0.2
BURO_ACTIVE_BB_STATUS_4_SUM_MEAN,10.206559753417968,0.2
BURO_ACTIVE_BB_STATUS_4_MEAN_MAX,9.660079956054688,0.2
BURO_CLOSED_BB_STATUS_4_MEAN_MAX,9.65001983642578,0.2
PREV_APPROVED_NFLAG_INSURED_ON_APPROVAL_MIN,9.605820083618164,0.4
BURO_ACTIVE_BB_STATUS_2_MEAN_MIN,9.593860244750976,0.4
BURO_BB_STATUS_3_SUM_MAX,9.324660110473634,0.4
PREV_APPROVED_RATE_INTEREST_PRIMARY_MEAN,9.194860076904297,0.2
BURO_ACTIVE_BUREAU_OVERDUE_DEBT_RATIO_SUM,8.960639953613281,0.4
BURO_CLOSED_BB_STATUS_4_SUM_SUM,8.876439666748047,0.2
BURO_BB_STATUS_2_MEAN_MIN,8.335280227661134,0.4
BURO_BB_STATUS_4_MEAN_VAR,8.187220001220703,0.2
BURO_ACTIVE_BB_STATUS_2_MEAN_VAR,8.121640014648438,0.2
PREV_APPROVED_NFLAG_INSURED_ON_APPROVAL_MAX,7.9997001647949215,0.2
BURO_ACTIVE_BB_STATUS_5_SUM_MEAN,7.616560363769532,0.2
PREV_NAME_CASH_LOAN_PURPOSE_BUYING_A_HOME_MEAN,7.500199890136718,0.2
PREV_CODE_REJECT_REASON_SYSTEM_MEAN,7.383619689941407,0.2
BURO_CLOSED_BUREAU_OVERDUE_DEBT_RATIO_MAX,7.382119750976562,0.2
BURO_ACTIVE_BB_STATUS_5_MEAN_VAR,7.001799774169922,0.2
BURO_BUREAU_OVERDUE_DEBT_RATIO_SUM,6.65426025390625,0.2
AMT_REQ_CREDIT_BUREAU_HOUR,6.598819732666016,0.2
PREV_APPROVED_RATE_INTEREST_PRIVILEGED_MAX,6.5556800842285154,0.2
BURO_CREDIT_TYPE_LOAN_FOR_WORKING_CAPITAL_REPLENISHMENT_MEAN,6.319039916992187,0.2
PREV_APPROVED_NFLAG_LAST_APPL_IN_DAY_MIN,6.312659835815429,0.2
PREV_APPROVED_RATE_INTEREST_PRIVILEGED_SUM,6.2638801574707035,0.2
BURO_ACTIVE_BB_STATUS_2_SUM_SUM,5.92938003540039,0.2
BURO_ACTIVE_BB_STATUS_3_MEAN_SUM,5.607939910888672,0.2
BURO_CLOSED_BB_STATUS_5_MEAN_VAR,5.5221199035644535,0.2
CC_CARD_COUNT,5.4301399230957035,0.2
BURO_ACTIVE_BB_STATUS_3_MEAN_VAR,5.367259979248047,0.2
FLAG_CONT_MOBILE,5.320980072021484,0.2
PREV_NAME_CASH_LOAN_PURPOSE_JOURNEY_MEAN,5.1895599365234375,0.2
BURO_ACTIVE_BB_STATUS_3_SUM_VAR,4.88114013671875,0.2
PREV_REFUSED_NFLAG_LAST_APPL_IN_DAY_MAX,4.527439880371094,0.2
BURO_CLOSED_AMT_CREDIT_SUM_LIMIT_MIN,4.496500015258789,0.2
BURO_ACTIVE_BB_STATUS_2_SUM_MAX,4.019240188598633,0.2
PREV_NAME_SELLER_INDUSTRY_TOURISM_MEAN,3.754180145263672,0.2
PREV_NFLAG_LAST_APPL_IN_DAY_MIN,0.0,0.0
DAYS_EMPLOYED_ANOM,0.0,0.0
BURO_CLOSED_BUREAU_OVERDUE_DEBT_RATIO_MIN,0.0,0.0
FLAG_MOBIL,0.0,0.0
FLAG_DOCUMENT_19,0.0,0.0
BURO_CLOSED_BUREAU_OVERDUE_DEBT_RATIO_MEAN,0.0,0.0
BURO_CLOSED_BUREAU_OVERDUE_DEBT_RATIO_SUM,0.0,0.0
FLAG_DOCUMENT_20,0.0,0.0
FLAG_DOCUMENT_21,0.0,0.0
BURO_AMT_CREDIT_SUM_OVERDUE_MIN,0.0,0.0
CC_CNT_DRAWINGS_OTHER_CURRENT_MIN,0.0,0.0
BURO_CLOSED_BB_STATUS_2_MEAN_MIN,0.0,0.0
BURO_CLOSED_BB_STATUS_2_SUM_MAX,0.0,0.0
BURO_ACTIVE_BUREAU_OVERDUE_DEBT_RATIO_MIN,0.0,0.0
PREV_DAYS_FIRST_DRAWING_VAR,0.0,0.0
PREV_NFLAG_LAST_APPL_IN_DAY_MAX,0.0,0.0
BURO_CLOSED_BB_STATUS_3_SUM_MIN,0.0,0.0
BURO_CLOSED_BB_STATUS_3_SUM_MAX,0.0,0.0
CC_SK_DPD_DEF_MIN,0.0,0.0
BURO_CLOSED_BB_STATUS_3_SUM_MEAN,0.0,0.0
BURO_CLOSED_BB_STATUS_3_SUM_VAR,0.0,0.0
BURO_ACTIVE_BUREAU_ENDDATE_DIFF_VAR,0.0,0.0
BURO_CREDIT_DAY_OVERDUE_MIN,0.0,0.0
BURO_CLOSED_BB_STATUS_4_SUM_MIN,0.0,0.0
PREV_RATE_INTEREST_PRIVILEGED_VAR,0.0,0.0
CC_SK_DPD_MIN,0.0,0.0
PREV_RATE_INTEREST_PRIMARY_VAR,0.0,0.0
BURO_CLOSED_BB_STATUS_4_SUM_MAX,0.0,0.0
BURO_CLOSED_BB_STATUS_4_SUM_VAR,0.0,0.0
BURO_ACTIVE_BB_STATUS_3_MEAN_MAX,0.0,0.0
BURO_ACTIVE_BB_STATUS_2_SUM_MIN,0.0,0.0
CC_NAME_CONTRACT_STATUS_DEMAND_MEAN,0.0,0.0
BURO_ACTIVE_BB_STATUS_4_MEAN_MIN,0.0,0.0
BURO_ACTIVE_BB_STATUS_5_SUM_VAR,0.0,0.0
CC_NAME_CONTRACT_STATUS_NAN_MEAN,0.0,0.0
BURO_ACTIVE_BB_STATUS_5_SUM_SUM,0.0,0.0
BURO_ACTIVE_BB_STATUS_5_SUM_MAX,0.0,0.0
BURO_ACTIVE_BB_STATUS_5_SUM_MIN,0.0,0.0
BURO_ACTIVE_BB_STATUS_5_MEAN_SUM,0.0,0.0
BURO_ACTIVE_BB_STATUS_5_MEAN_MEAN,0.0,0.0
BURO_ACTIVE_BB_STATUS_5_MEAN_MAX,0.0,0.0
CC_RECENT_IS_DPD_SUM,0.0,0.0
BURO_ACTIVE_BB_STATUS_5_MEAN_MIN,0.0,0.0
BURO_ACTIVE_BB_STATUS_4_SUM_VAR,0.0,0.0
BURO_ACTIVE_BB_STATUS_4_SUM_SUM,0.0,0.0
BURO_ACTIVE_BB_STATUS_4_SUM_MAX,0.0,0.0
BURO_ACTIVE_BB_STATUS_4_SUM_MIN,0.0,0.0
BURO_ACTIVE_BB_STATUS_4_MEAN_VAR,0.0,0.0
BURO_ACTIVE_BB_STATUS_4_MEAN_SUM,0.0,0.0
CC_NAME_CONTRACT_STATUS_REFUSED_MEAN,0.0,0.0
CC_NAME_CONTRACT_STATUS_APPROVED_MEAN,0.0,0.0
BURO_CLOSED_AMT_CREDIT_SUM_OVERDUE_SUM,0.0,0.0
BURO_ACTIVE_BB_STATUS_3_SUM_SUM,0.0,0.0
BURO_CLOSED_AMT_CREDIT_SUM_OVERDUE_MIN,0.0,0.0
BURO_CLOSED_CNT_CREDIT_PROLONG_SUM,0.0,0.0
BURO_CLOSED_CNT_CREDIT_PROLONG_MIN,0.0,0.0
BURO_ACTIVE_BB_STATUS_3_MEAN_MIN,0.0,0.0
FLAG_EMP_PHONE,0.0,0.0
BURO_ACTIVE_BB_STATUS_3_MEAN_MEAN,0.0,0.0
BURO_CLOSED_CREDIT_DAY_OVERDUE_VAR,0.0,0.0
CC_PAYS_MINIMUM_ONLY_MIN,0.0,0.0
BURO_CLOSED_CREDIT_DAY_OVERDUE_SUM,0.0,0.0
BURO_CLOSED_CREDIT_DAY_OVERDUE_MEAN,0.0,0.0
BURO_CLOSED_CREDIT_DAY_OVERDUE_MAX,0.0,0.0
BURO_CLOSED_CREDIT_DAY_OVERDUE_MIN,0.0,0.0
CC_IS_DPD_MIN,0.0,0.0
CC_IS_DPD_MAX,0.0,0.0
BURO_ACTIVE_BB_STATUS_3_SUM_MIN,0.0,0.0
BURO_ACTIVE_BB_STATUS_3_SUM_MAX,0.0,0.0
BURO_ACTIVE_BB_STATUS_3_SUM_MEAN,0.0,0.0
FLAG_DOCUMENT_17,0.0,0.0
PREV_NAME_CASH_LOAN_PURPOSE_BUSINESS_DEVELOPMENT_MEAN,0.0,0.0
FLAG_DOCUMENT_15,0.0,0.0
FLAG_DOCUMENT_4,0.0,0.0
PREV_APPROVED_DAYS_FIRST_DRAWING_VAR,0.0,0.0
BURO_CREDIT_ACTIVE_BAD_DEBT_MEAN,0.0,0.0
BURO_CREDIT_ACTIVE_NAN_MEAN,0.0,0.0
PREV_APPROVED_RATE_INTEREST_PRIVILEGED_VAR,0.0,0.0
PREV_APPROVED_RATE_INTEREST_PRIVILEGED_MEAN,0.0,0.0
PREV_APPROVED_RATE_INTEREST_PRIVILEGED_MIN,0.0,0.0
PREV_APPROVED_RATE_INTEREST_PRIMARY_VAR,0.0,0.0
BURO_CREDIT_CURRENCY_CURRENCY_4_MEAN,0.0,0.0
PREV_APPROVED_NFLAG_LAST_APPL_IN_DAY_MAX,0.0,0.0
BURO_CREDIT_CURRENCY_NAN_MEAN,0.0,0.0
BURO_CREDIT_TYPE_CASH_LOAN__NON_EARMARKED__MEAN,0.0,0.0
BURO_CREDIT_TYPE_INTERBANK_CREDIT_MEAN,0.0,0.0
BURO_CREDIT_TYPE_LOAN_FOR_PURCHASE_OF_SHARES__MARGIN_LENDING__MEAN,0.0,0.0
BURO_CREDIT_TYPE_LOAN_FOR_THE_PURCHASE_OF_EQUIPMENT_MEAN,0.0,0.0
BURO_CREDIT_TYPE_MOBILE_OPERATOR_LOAN_MEAN,0.0,0.0
BURO_CREDIT_TYPE_REAL_ESTATE_LOAN_MEAN,0.0,0.0
BURO_CREDIT_TYPE_UNKNOWN_TYPE_OF_LOAN_MEAN,0.0,0.0
BURO_CREDIT_TYPE_NAN_MEAN,0.0,0.0
FLAG_DOCUMENT_2,0.0,0.0
BURO_BB_STATUS_5_SUM_SUM,0.0,0.0
PREV_REFUSED_NFLAG_LAST_APPL_IN_DAY_MIN,0.0,0.0
PREV_REFUSED_RATE_INTEREST_PRIMARY_SUM,0.0,0.0
PREV_REFUSED_DUE_DIFF_SUM,0.0,0.0
BURO_BB_STATUS_3_MEAN_MIN,0.0,0.0
POS_NAME_CONTRACT_STATUS_NAN_MEAN,0.0,0.0
POS_NAME_CONTRACT_STATUS_XNA_MEAN,0.0,0.0
POS_NAME_CONTRACT_STATUS_DEMAND_MEAN,0.0,0.0
BURO_BB_STATUS_3_SUM_MIN,0.0,0.0
POS_NAME_CONTRACT_STATUS_CANCELED_MEAN,0.0,0.0
POS_NAME_CONTRACT_STATUS_AMORTIZED_DEBT_MEAN,0.0,0.0
BURO_BB_STATUS_4_MEAN_MIN,0.0,0.0
BURO_BB_STATUS_4_SUM_MIN,0.0,0.0
PREV_REFUSED_RATE_INTEREST_PRIVILEGED_SUM,0.0,0.0
BURO_BB_STATUS_4_SUM_MAX,0.0,0.0
PREV_REFUSED_NFLAG_INSURED_ON_APPROVAL_SUM,0.0,0.0
PREV_REFUSED_DAYS_TERMINATION_SUM,0.0,0.0
PREV_REFUSED_DAYS_LAST_DUE_SUM,0.0,0.0
PREV_REFUSED_DAYS_LAST_DUE_1ST_VERSION_SUM,0.0,0.0
PREV_REFUSED_DAYS_FIRST_DUE_SUM,0.0,0.0
PREV_REFUSED_DAYS_FIRST_DRAWING_SUM,0.0,0.0
BURO_BB_STATUS_4_SUM_VAR,0.0,0.0
BURO_ACTIVE_CREDIT_DAY_OVERDUE_MIN,0.0,0.0
PREV_PRODUCT_COMBINATION_NAN_MEAN,0.0,0.0
CC_CNT_DRAWINGS_ATM_CURRENT_MIN,0.0,0.0
BURO_ACTIVE_BB_STATUS_4_MEAN_MEAN,0.0,0.0
PREV_NAME_PAYMENT_TYPE_NAN_MEAN,0.0,0.0
PREV_NAME_PAYMENT_TYPE_CASHLESS_FROM_THE_ACCOUNT_OF_THE_EMPLOYER_MEAN,0.0,0.0
PREV_NAME_CONTRACT_STATUS_NAN_MEAN,0.0,0.0
FLAG_DOCUMENT_10,0.0,0.0
PREV_NAME_CASH_LOAN_PURPOSE_NAN_MEAN,0.0,0.0
PREV_NAME_CASH_LOAN_PURPOSE_REFUSAL_TO_NAME_THE_GOAL_MEAN,0.0,0.0
PREV_NAME_CASH_LOAN_PURPOSE_MONEY_FOR_A_THIRD_PERSON_MEAN,0.0,0.0
PREV_NAME_CASH_LOAN_PURPOSE_HOBBY_MEAN,0.0,0.0
PREV_NAME_CASH_LOAN_PURPOSE_GASIFICATION___WATER_SUPPLY_MEAN,0.0,0.0
PREV_NAME_CASH_LOAN_PURPOSE_CAR_REPAIRS_MEAN,0.0,0.0
PREV_NAME_CASH_LOAN_PURPOSE_BUYING_A_HOLIDAY_HOME___LAND_MEAN,0.0,0.0
PREV_NAME_CASH_LOAN_PURPOSE_BUYING_A_GARAGE_MEAN,0.0,0.0
BURO_BB_STATUS_2_SUM_MAX,0.0,0.0
PREV_FLAG_LAST_APPL_PER_CONTRACT_NAN_MEAN,0.0,0.0
PREV_WEEKDAY_APPR_PROCESS_START_NAN_MEAN,0.0,0.0
PREV_NAME_CONTRACT_TYPE_NAN_MEAN,0.0,0.0
PREV_NAME_CONTRACT_TYPE_XNA_MEAN,0.0,0.0
FLAG_DOCUMENT_12,0.0,0.0
FLAG_DOCUMENT_14,0.0,0.0
FLAG_DOCUMENT_9,0.0,0.0
PREV_CODE_REJECT_REASON_NAN_MEAN,0.0,0.0
PREV_NAME_CLIENT_TYPE_NAN_MEAN,0.0,0.0
PREV_NAME_PRODUCT_TYPE_NAN_MEAN,0.0,0.0
PREV_NAME_YIELD_GROUP_NAN_MEAN,0.0,0.0
FLAG_DOCUMENT_7,0.0,0.0
PREV_NAME_SELLER_INDUSTRY_NAN_MEAN,0.0,0.0
PREV_CHANNEL_TYPE_NAN_MEAN,0.0,0.0
CC_AMT_DRAWINGS_OTHER_CURRENT_MIN,0.0,0.0
BURO_ACTIVE_DAYS_ENDDATE_FACT_MEAN,0.0,0.0
PREV_CHANNEL_TYPE_CAR_DEALER_MEAN,0.0,0.0
BURO_ACTIVE_DAYS_ENDDATE_FACT_VAR,0.0,0.0
PREV_NAME_PORTFOLIO_NAN_MEAN,0.0,0.0
PREV_NAME_GOODS_CATEGORY_ADDITIONAL_SERVICE_MEAN,0.0,0.0
PREV_NAME_PORTFOLIO_CARS_MEAN,0.0,0.0
PREV_NAME_GOODS_CATEGORY_NAN_MEAN,0.0,0.0
PREV_NAME_GOODS_CATEGORY_WEAPON_MEAN,0.0,0.0
PREV_NAME_GOODS_CATEGORY_INSURANCE_MEAN,0.0,0.0
PREV_NAME_GOODS_CATEGORY_HOUSE_CONSTRUCTION_MEAN,0.0,0.0
PREV_NAME_GOODS_CATEGORY_FITNESS_MEAN,0.0,0.0
PREV_NAME_GOODS_CATEGORY_EDUCATION_MEAN,0.0,0.0
PREV_NAME_GOODS_CATEGORY_ANIMALS_MEAN,0.0,0.0
BURO_BUREAU_OVERDUE_DEBT_RATIO_MIN,0.0,0.0
